{
  "epoch_loss": [
    1.8838268146514892
  ],
  "epoch_acc": [
    0.4945
  ],
  "val_acc": [
    0.5
  ],
  "target_acc": [
    0.5
  ],
  "lr": [
    0.0009938503261272714
  ],
  "domain_test_acc": [
    {}
  ],
  "rho": [
    0.03
  ],
  "contrast_loss": [
    1.0
  ],
  "sharpness": [
    0.013653826713562012
  ],
  "domain_sharpness": [
    {
      "QIM": 0.0012191411048646957,
      "PMS": 0.004902608810909211,
      "LSB": -0.0010027204241071428,
      "AHCM": 0.005168101144215417
    }
  ],
  "gap_loss": [
    0.17387606477737427
  ],
  "domain_gaps": [
    {
      "Cover-QIM": {
        "current": 0.07926814234445966,
        "d_min": 0.06998840210929749,
        "d_max": 0.20206773706844874,
        "ratio": 0.4937657076782949
      },
      "Cover-PMS": {
        "current": 0.0866415708784073,
        "d_min": 0.06998840210929749,
        "d_max": 0.20206773706844874,
        "ratio": 0.5218370903362585
      },
      "Cover-LSB": {
        "current": 0.0958321714212024,
        "d_min": 0.06998840210929749,
        "d_max": 0.20206773706844874,
        "ratio": 0.7438054498489128
      },
      "Cover-AHCM": {
        "current": 0.1981120027241207,
        "d_min": 0.06815745489251229,
        "d_max": 0.20077740905746336,
        "ratio": 0.9635435643261281
      }
    }
  ],
  "adaptive_weights": [
    {
      "QIM": 0.4154271978944067,
      "PMS": 0.3716219035642488,
      "LSB": 0.159361705597904,
      "AHCM": 0.05445353494536492
    }
  ],
  "live_clean_gaps": [
    {
      "0": 0.13772047807772955,
      "1": 0.14518287612332237,
      "2": 0.15020270976755354,
      "3": 0.16753281972237996
    }
  ],
  "live_pert_gaps": [
    {
      "0": 0.13977048427812636,
      "1": 0.1438251957297325,
      "2": 0.1546677647838517,
      "3": 0.1700885696780114
    }
  ],
  "ema_gaps": [
    0.11463220279470858
  ],
  "adgm_skip_count": [
    0
  ],
  "gap_retention": [
    1.012628957311129
  ]
}