{
  "epoch_loss": [
    0.48247417219479877,
    0.33929934151967367,
    0.25874338617324827,
    0.20792546888192495,
    0.17888886960347494,
    0.15515401928424835,
    0.1374939829270045,
    0.13022392905553182,
    0.12101083082358043,
    0.11411022236744563,
    0.10941495016813278,
    0.1046464128335317,
    0.10102580571174621,
    0.09775448302825292,
    0.09293797363042831,
    0.08954025036493937,
    0.08758090976874033,
    0.08560371684233348,
    0.08253046188751856,
    0.08099709096153578,
    0.07846669573187828,
    0.07747538165251414,
    0.07564752482175827,
    0.07285564539631208,
    0.07141466909050942,
    0.07025629597306252,
    0.06900009397069613,
    0.06665953983863195,
    0.06543489206631978,
    0.0638812893072764,
    0.06318896575768788,
    0.0612645131846269,
    0.060844343739748,
    0.059636297575632734,
    0.05902825373609861,
    0.05740569906036059,
    0.05637340865929921,
    0.05604117544988791,
    0.05489515866388877,
    0.054180750807126365,
    0.0532562297920386,
    0.05321557581027349,
    0.052322278040647506,
    0.051924686854084336,
    0.051523962543408075,
    0.05134566294252872,
    0.050737508290012674,
    0.05009908378819625,
    0.050358619091908134,
    0.05024623359143734
  ],
  "epoch_acc": [
    0.7499791666666666,
    0.8430541666666667,
    0.8867041666666666,
    0.9112666666666667,
    0.9250458333333333,
    0.9359416666666667,
    0.9445333333333333,
    0.947025,
    0.9515625,
    0.9543,
    0.956225,
    0.9582916666666667,
    0.9588875,
    0.9609291666666666,
    0.9630833333333333,
    0.9643833333333334,
    0.965425,
    0.9661625,
    0.9670291666666667,
    0.9680791666666667,
    0.9688875,
    0.9693333333333334,
    0.9698708333333333,
    0.9709041666666667,
    0.9718375,
    0.9724583333333333,
    0.972275,
    0.9737083333333333,
    0.9740916666666667,
    0.974925,
    0.9752458333333334,
    0.9758916666666667,
    0.9758416666666667,
    0.9764541666666666,
    0.9767458333333333,
    0.977625,
    0.9780333333333333,
    0.9781291666666667,
    0.9784208333333333,
    0.9787625,
    0.9790791666666666,
    0.9789041666666667,
    0.9795708333333333,
    0.979675,
    0.9799291666666666,
    0.9801291666666667,
    0.98035,
    0.9802833333333333,
    0.9801541666666667,
    0.9804666666666667
  ],
  "val_acc": [
    0.8262,
    0.8451833333333333,
    0.9066833333333333,
    0.9209666666666667,
    0.9382666666666667,
    0.9454166666666667,
    0.94885,
    0.9447666666666666,
    0.9525166666666667,
    0.9508166666666666,
    0.9572333333333334,
    0.9574833333333334,
    0.9583833333333334,
    0.96225,
    0.9619,
    0.9586166666666667,
    0.9669333333333333,
    0.96585,
    0.9623833333333334,
    0.96755,
    0.9651666666666666,
    0.9652833333333334,
    0.96755,
    0.9678833333333333,
    0.9663333333333334,
    0.9705,
    0.9712833333333334,
    0.9707333333333333,
    0.9704833333333334,
    0.96955,
    0.9706833333333333,
    0.9712,
    0.9723,
    0.9726833333333333,
    0.9723,
    0.9734833333333334,
    0.97335,
    0.9731166666666666,
    0.9726333333333333,
    0.97355,
    0.9739333333333333,
    0.9740333333333333,
    0.9726166666666667,
    0.9747,
    0.9747,
    0.97445,
    0.9743833333333334,
    0.9737333333333333,
    0.9742,
    0.97445
  ],
  "target_acc": [
    0.4913,
    0.49645,
    0.51435,
    0.5153,
    0.51535,
    0.51185,
    0.5095,
    0.5072,
    0.5074,
    0.5098,
    0.50955,
    0.5083,
    0.50385,
    0.5081,
    0.50695,
    0.51085,
    0.50445,
    0.50365,
    0.5071,
    0.50365,
    0.508,
    0.5045,
    0.5053,
    0.5071,
    0.5103,
    0.50645,
    0.5074,
    0.5094,
    0.5092,
    0.5085,
    0.5092,
    0.5078,
    0.50715,
    0.50805,
    0.5097,
    0.50655,
    0.50995,
    0.50965,
    0.51015,
    0.5094,
    0.50775,
    0.50675,
    0.51075,
    0.50955,
    0.509,
    0.5092,
    0.50925,
    0.51035,
    0.5101,
    0.5096
  ],
  "lr": [
    0.0009990143508499217,
    0.0009960612933065818,
    0.00099115248173898,
    0.0009843072889837512,
    0.0009755527298894294,
    0.0009649233547011816,
    0.0009524611127067769,
    0.0009382151866819099,
    0.0009222417987882566,
    0.0009046039886902864,
    0.0008853713647665069,
    0.0008646198293969952,
    0.0008424312794113801,
    0.0008188932828794706,
    0.0007940987335200906,
    0.0007681454840920089,
    0.0007411359602138069,
    0.0007131767561367538,
    0.0006843782140659967,
    0.0006548539886902863,
    0.0006247205986388449,
    0.0005940969666355696,
    0.0005631039501653701,
    0.0005318638645048921,
    0.0005005,
    0.00046913613549510796,
    0.00043789604983463003,
    0.00040690303336443054,
    0.000376279401361155,
    0.00034614601130971394,
    0.00031662178593400354,
    0.00028782324386324626,
    0.00025986403978619317,
    0.00023285451590799105,
    0.0002069012664799097,
    0.00018210671712052946,
    0.00015856872058861996,
    0.00013638017060300502,
    0.0001156286352334933,
    9.639601130971378e-05,
    7.875820121174356e-05,
    6.278481331809012e-05,
    4.853888729322332e-05,
    3.607664529881844e-05,
    2.5447270110570804e-05,
    1.6692711016248827e-05,
    9.84751826101998e-06,
    4.938706693418354e-06,
    1.9856491500783555e-06,
    1e-06
  ],
  "domain_test_acc": [
    {},
    {},
    {},
    {},
    {
      "QIM": 0.9197,
      "PMS": 0.5186,
      "LSB": 0.9338,
      "AHCM": 0.9718
    },
    {},
    {},
    {},
    {},
    {
      "QIM": 0.919,
      "PMS": 0.5134,
      "LSB": 0.9515,
      "AHCM": 0.9909
    },
    {},
    {},
    {},
    {},
    {
      "QIM": 0.9276,
      "PMS": 0.5084,
      "LSB": 0.9695,
      "AHCM": 0.9953
    },
    {},
    {},
    {},
    {},
    {
      "QIM": 0.9391,
      "PMS": 0.5055,
      "LSB": 0.9669,
      "AHCM": 0.997
    },
    {},
    {},
    {},
    {},
    {
      "QIM": 0.9483,
      "PMS": 0.5125,
      "LSB": 0.964,
      "AHCM": 0.9955
    },
    {},
    {},
    {},
    {},
    {
      "QIM": 0.951,
      "PMS": 0.5086,
      "LSB": 0.9686,
      "AHCM": 0.9988
    },
    {},
    {},
    {},
    {},
    {
      "QIM": 0.9488,
      "PMS": 0.5107,
      "LSB": 0.9761,
      "AHCM": 0.9991
    },
    {},
    {},
    {},
    {},
    {
      "QIM": 0.9485,
      "PMS": 0.5101,
      "LSB": 0.9772,
      "AHCM": 0.9983
    },
    {},
    {},
    {},
    {},
    {
      "QIM": 0.9509,
      "PMS": 0.5093,
      "LSB": 0.9761,
      "AHCM": 0.9991
    },
    {},
    {},
    {},
    {},
    {
      "QIM": 0.9508,
      "PMS": 0.5092,
      "LSB": 0.9733,
      "AHCM": 0.9992
    }
  ]
}