{
  "epoch_loss": [
    0.6154154119975865,
    0.5045541129447519,
    0.4651720606163144,
    0.44591741351410746,
    0.432438225697726,
    0.423441186953336,
    0.41510908687487247,
    0.4098582680076361,
    0.40452403999119996,
    0.39938497591763733,
    0.39627916203811764,
    0.39420216527208685,
    0.39069100457429884,
    0.3877542338296771,
    0.38582139602303506,
    0.3834203089550138,
    0.38110198694467545,
    0.37911830604821445,
    0.37680925545841454,
    0.37654525618255136,
    0.3749461158290505,
    0.3730450745783746,
    0.3716409448198974,
    0.37054725110158326,
    0.3697674096561968,
    0.36749142497405407,
    0.3669623183757067,
    0.36597732995823024,
    0.3652034587338567,
    0.36379580549150703,
    0.3635292808115482,
    0.3622236013375223,
    0.36108620096743105,
    0.36095075765252116,
    0.3597821549326181,
    0.358797224778682,
    0.3584524511657655,
    0.35676391089335086,
    0.35705478720739486,
    0.3563972929865122,
    0.3561157949268818,
    0.35552342285960914,
    0.3547278792411089,
    0.35385633312910797,
    0.35316613502427935,
    0.35310459764674307,
    0.3525691078230739,
    0.35196843833103775,
    0.3510092029310763,
    0.35049118294939396,
    0.3502622542195022,
    0.3498871779367328,
    0.34885475274175404,
    0.3483567380644381,
    0.34859125037118793,
    0.347759983509779,
    0.34751221909373997,
    0.346406156335026,
    0.34677054194733503,
    0.34591759653389453,
    0.3458682726174593,
    0.34609698214381934,
    0.3451041508354247,
    0.34487076591327787,
    0.3443813591450453,
    0.3435601628664881,
    0.3431316148638725,
    0.3431100803092122,
    0.34288326259329915,
    0.3423033596351743,
    0.34281799899041654,
    0.3420873193778098,
    0.3419136733822525,
    0.3413716892376542,
    0.3412748194858432,
    0.3406657645069063,
    0.34071536648645995,
    0.3401993855386972,
    0.3403348401337862,
    0.3397159555964172,
    0.33983251178637147,
    0.33999191657453776,
    0.33946010230109097,
    0.33938715056329966,
    0.33949766993150116,
    0.3388879748992622,
    0.33893204654753206,
    0.33832860458269715,
    0.33857180788367985,
    0.33855106991529466,
    0.3383856702167541,
    0.33833576867729426,
    0.33786112315021455,
    0.33791340570151807,
    0.3385469208322465,
    0.33774765265360474,
    0.33773674482107163,
    0.3376355036981404,
    0.3377321196645498,
    0.33817776929587123
  ],
  "epoch_acc": [
    0.616684375,
    0.712415625,
    0.7437125,
    0.759246875,
    0.767946875,
    0.773171875,
    0.77955625,
    0.783103125,
    0.786178125,
    0.78925,
    0.791259375,
    0.79295625,
    0.795271875,
    0.797225,
    0.798278125,
    0.7998,
    0.800790625,
    0.8027,
    0.80345,
    0.803690625,
    0.804415625,
    0.80648125,
    0.807203125,
    0.808196875,
    0.808053125,
    0.809509375,
    0.810371875,
    0.811309375,
    0.811403125,
    0.81234375,
    0.812240625,
    0.812990625,
    0.81361875,
    0.81421875,
    0.814321875,
    0.815246875,
    0.81531875,
    0.81680625,
    0.816234375,
    0.816425,
    0.81711875,
    0.817284375,
    0.8181625,
    0.818359375,
    0.81905625,
    0.818878125,
    0.818978125,
    0.819696875,
    0.82028125,
    0.821009375,
    0.82125,
    0.82125625,
    0.8221375,
    0.822946875,
    0.821840625,
    0.822378125,
    0.822471875,
    0.823303125,
    0.823128125,
    0.8241375,
    0.82353125,
    0.82356875,
    0.82449375,
    0.82425,
    0.8247,
    0.82585625,
    0.825240625,
    0.82501875,
    0.8251625,
    0.826175,
    0.825496875,
    0.82614375,
    0.826009375,
    0.826121875,
    0.8266375,
    0.82678125,
    0.827015625,
    0.827440625,
    0.826725,
    0.827640625,
    0.827653125,
    0.82761875,
    0.82741875,
    0.82801875,
    0.827653125,
    0.82845,
    0.82774375,
    0.828509375,
    0.828325,
    0.8278625,
    0.828434375,
    0.828575,
    0.828728125,
    0.8294375,
    0.828425,
    0.828721875,
    0.8289125,
    0.82875625,
    0.829128125,
    0.828615625
  ],
  "val_acc": [
    0.6865,
    0.7380875,
    0.7505125,
    0.7536875,
    0.766775,
    0.76905,
    0.7788,
    0.7687,
    0.75525,
    0.78045,
    0.771475,
    0.7892125,
    0.7812125,
    0.7720875,
    0.7867875,
    0.782975,
    0.794125,
    0.79085,
    0.7990125,
    0.7868875,
    0.7995375,
    0.7966375,
    0.7900625,
    0.78615,
    0.802,
    0.7819125,
    0.7987125,
    0.786325,
    0.801125,
    0.8007,
    0.8021,
    0.804475,
    0.79505,
    0.808025,
    0.8031125,
    0.8074875,
    0.801175,
    0.808325,
    0.8028125,
    0.8076875,
    0.8033125,
    0.8065625,
    0.8026125,
    0.80665,
    0.810025,
    0.8014625,
    0.809975,
    0.808375,
    0.804525,
    0.8061625,
    0.8029125,
    0.8054875,
    0.803975,
    0.807975,
    0.8067375,
    0.8050625,
    0.80725,
    0.809475,
    0.8071,
    0.810325,
    0.8064,
    0.8027375,
    0.80425,
    0.8063375,
    0.8078125,
    0.806825,
    0.8101375,
    0.8014125,
    0.806175,
    0.80775,
    0.80875,
    0.80795,
    0.8015625,
    0.8047875,
    0.807325,
    0.8094875,
    0.8098125,
    0.8051875,
    0.8080375,
    0.805975,
    0.804975,
    0.80855,
    0.8108625,
    0.8083,
    0.810875,
    0.80735,
    0.805475,
    0.807575,
    0.808725,
    0.8080375,
    0.8092625,
    0.8102375,
    0.8097125,
    0.8093125,
    0.8088125,
    0.8076375,
    0.8088375,
    0.8087875,
    0.8085,
    0.808675
  ],