{
  "epoch_loss": [
    0.6023131692484022,
    0.4929065837077796,
    0.44304453702270985,
    0.41409638500213625,
    0.39535146136954424,
    0.38219905262067916,
    0.3724957469254732,
    0.3638455229215324,
    0.3561341322362423,
    0.3512888453323394,
    0.34661472621373834,
    0.34213214803114533,
    0.3395328845791519,
    0.33551399198547005,
    0.33373873199895027,
    0.3313844364620745,
    0.3296773809492588,
    0.32739020543172953,
    0.3261998894382268,
    0.3236447830554098,
    0.3223670850303024,
    0.3206857779622078,
    0.3188169487118721,
    0.31724146856367585,
    0.3166786209270358,
    0.31462053859233857,
    0.31415416856110095,
    0.3118606239669025,
    0.31197712901607155,
    0.310727417640388,
    0.30975018673576415,
    0.3080634586829692,
    0.3070410416983068,
    0.30657618026435374,
    0.30578387672267854,
    0.305147578753531,
    0.30406867998838427,
    0.3034878432992846,
    0.30306745317764583,
    0.30223700745776294,
    0.3011322847213596,
    0.3003351521436125,
    0.30013627289421857,
    0.29951392915658653,
    0.2983915256168693,
    0.2975043076518923,
    0.2971307366769761,
    0.29564853611029684,
    0.29572058052383365,
    0.29533825850300494,
    0.29430250195786356,
    0.29375228891707955,
    0.2935705645177513,
    0.2929526702873409,
    0.29207704260759054,
    0.29107293546758595,
    0.2910581379625946,
    0.2907850951645523,
    0.28970456421747803,
    0.28888064259663226,
    0.28909177805110814,
    0.2882125550750643,
    0.28821117484755815,
    0.28684530610591175,
    0.28706144730374217,
    0.28608885332755746,
    0.28612691048532723,
    0.2854493761397898,
    0.28504572217352686,
    0.2848713946118951,
    0.28391288419999183,
    0.2839857945162803,
    0.28355454397574065,
    0.28289424821175635,
    0.2831401144787669,
    0.2824607512187213,
    0.2821729973424226,
    0.28183240052871406,
    0.2816494868285954,
    0.28114373740553855,
    0.2811677936017513,
    0.2798931072130799,
    0.28039274024404587,
    0.2804066058844328,
    0.2799949919451028,
    0.27983759630471466,
    0.27989538389258084,
    0.2796115192268044,
    0.279155736098066,
    0.27917734052985904,
    0.27883070532046256,
    0.2786124930307269,
    0.2788797410093248,
    0.27904448879882693,
    0.2787867195848376,
    0.2783933825865388,
    0.2782243204060942,
    0.27868561799265446,
    0.2786907832324505,
    0.2787329935915768
  ],
  "epoch_acc": [
    0.644165625,
    0.739984375,
    0.773034375,
    0.790296875,
    0.801046875,
    0.809325,
    0.814734375,
    0.819478125,
    0.8249875,
    0.828284375,
    0.8304625,
    0.833371875,
    0.83458125,
    0.836728125,
    0.8381375,
    0.839078125,
    0.84075625,
    0.84163125,
    0.8421375,
    0.84385625,
    0.844303125,
    0.845378125,
    0.8467625,
    0.847059375,
    0.847490625,
    0.84846875,
    0.849484375,
    0.85041875,
    0.8501625,
    0.851075,
    0.85143125,
    0.852440625,
    0.852715625,
    0.85305,
    0.85354375,
    0.853971875,
    0.85485625,
    0.855209375,
    0.855346875,
    0.85576875,
    0.85616875,
    0.85675,
    0.856834375,
    0.857471875,
    0.8575125,
    0.858296875,
    0.8585875,
    0.85921875,
    0.859203125,
    0.85960625,
    0.860071875,
    0.86054375,
    0.860340625,
    0.860853125,
    0.86188125,
    0.8617875,
    0.861796875,
    0.862634375,
    0.862528125,
    0.863353125,
    0.863159375,
    0.863509375,
    0.8637375,
    0.86446875,
    0.864603125,
    0.865,
    0.864534375,
    0.8655375,
    0.86570625,
    0.865746875,
    0.86589375,
    0.8659,
    0.866615625,
    0.866871875,
    0.865690625,
    0.86633125,
    0.866878125,
    0.86703125,
    0.866790625,
    0.86765,
    0.867325,
    0.868375,
    0.868084375,
    0.867490625,
    0.868096875,
    0.868315625,
    0.868725,
    0.868534375,
    0.86895,
    0.86860625,
    0.86855625,
    0.86903125,
    0.86865,
    0.868521875,
    0.868396875,
    0.869203125,
    0.869353125,
    0.8692125,
    0.86859375,
    0.86866875
  ],
  "val_acc": [
    0.7217,
    0.770875,
    0.789975,
    0.8044,
    0.8001125,
    0.814225,
    0.81975,
    0.8240375,
    0.8299375,
    0.8340875,
    0.8340625,
    0.832225,
    0.838925,
    0.8382125,
    0.841275,
    0.8420875,
    0.8443125,
    0.84255,
    0.8386,
    0.8401,
    0.8442875,
    0.839325,
    0.846825,
    0.8459,
    0.839675,
    0.8485125,
    0.8448,
    0.8455375,
    0.851025,
    0.849175,
    0.8499375,
    0.8509125,
    0.845575,
    0.8451875,
    0.8431875,
    0.8495125,
    0.83945,
    0.8327375,
    0.8494125,
    0.849625,
    0.8481875,
    0.8429625,
    0.8526625,
    0.8529875,
    0.8443375,
    0.8465,
    0.8477625,
    0.85195,
    0.842125,
    0.8545875,
    0.8551625,
    0.8509875,
    0.843575,
    0.8527875,
    0.855475,
    0.8505125,
    0.8500125,
    0.857175,
    0.8431125,
    0.84355,
    0.858275,
    0.8500625,
    0.8540125,
    0.852075,
    0.848525,
    0.8521875,
    0.851525,
    0.85305,
    0.8561375,
    0.84995,
    0.8530125,
    0.855775,
    0.8549375,
    0.855325,
    0.851775,
    0.8557125,
    0.8525875,
    0.8523125,
    0.8506,
    0.8538375,
    0.8549625,
    0.854,
    0.8525,
    0.854625,
    0.8512625,
    0.8537875,
    0.853925,
    0.8552875,
    0.85425,
    0.8541625,
    0.853525,
    0.85165,
    0.852875,
    0.853525,
    0.8535,
    0.853625,
    0.8540125,
    0.853225,
    0.854225,
    0.8540375
  ],