{
  "epoch_loss": [
    0.5933450442403555,
    0.4627355263903737,
    0.40271409375965594,
    0.3723985170722008,
    0.35036305600591006,
    0.335711643839255,
    0.32382278666645287,
    0.3138654300570488,
    0.3068700543921441,
    0.30150104700028896,
    0.2962484495267272,
    0.2925104044582695,
    0.28961061261221765,
    0.2845385443214327,
    0.2828364505060017,
    0.2793400566671044,
    0.27674945808015766,
    0.27503473243676124,
    0.2730986538734287,
    0.2714620028976351,
    0.2691826703809202,
    0.26791087544709447,
    0.26694277808256445,
    0.2638849327918142,
    0.26233782297745345,
    0.2611244421619922,
    0.26017299537546934,
    0.2584198039304465,
    0.2574978826195002,
    0.25713518843986094,
    0.25551320260204374,
    0.2546202072054148,
    0.2533022180553526,
    0.2520350574422628,
    0.252232404185459,
    0.25149242746084927,
    0.24987421594560147,
    0.2491499483473599,
    0.24826218831911684,
    0.24641217034123838,
    0.24602783075720072,
    0.2455731424037367,
    0.2450622516684234,
    0.24398331889882685,
    0.24331715609878302,
    0.2427804347909987,
    0.24192202533967794,
    0.24106908565573396,
    0.24061910887621343,
    0.2403710105996579,
    0.23874683945812286,
    0.23843205832131206,
    0.2379230596665293,
    0.23745069065317512,
    0.23691099514998495,
    0.23574630928970874,
    0.23548847828619182,
    0.2348911819215864,
    0.23436909707076847,
    0.23400713273137808,
    0.23334609094262124,
    0.23320397757738828,
    0.23262787785939873,
    0.23154085063003005,
    0.2321864513140172,
    0.23039587761648,
    0.23079457511939108,
    0.2298966347537935,
    0.22954890848882498,
    0.2292026179432869,
    0.22879605223983526,
    0.22829456236958504,
    0.22833113948628306,
    0.22825825444236397,
    0.2273614773824811,
    0.22693908173963429,
    0.22694636819325387,
    0.22632173865288496,
    0.22608762037009,
    0.22580269339121878,
    0.22599462769180537,
    0.2253678656090051,
    0.2245220786612481,
    0.22462910191901028,
    0.22491911916062235,
    0.2243955757562071,
    0.2235698651522398,
    0.22401820611208678,
    0.2240095117762685,
    0.22342847135663033,
    0.22342270216345786,
    0.22324339677020907,
    0.2237312339376658,
    0.22312929660640657,
    0.22310699291341007,
    0.22271918718330563,
    0.22353618450276552,
    0.22274467616528273,
    0.22317578912340105,
    0.2226121840402484
  ],
  "epoch_acc": [
    0.65509375,
    0.7672375,
    0.804521875,
    0.8216625,
    0.83454375,
    0.842846875,
    0.84965625,
    0.855771875,
    0.85930625,
    0.861940625,
    0.8645,
    0.86639375,
    0.867640625,
    0.870403125,
    0.871703125,
    0.87320625,
    0.874846875,
    0.8752125,
    0.8756,
    0.877240625,
    0.87878125,
    0.878203125,
    0.879415625,
    0.88085625,
    0.882109375,
    0.882296875,
    0.883071875,
    0.883578125,
    0.8839375,
    0.88470625,
    0.885178125,
    0.886240625,
    0.886253125,
    0.88709375,
    0.88673125,
    0.887003125,
    0.88840625,
    0.888384375,
    0.88879375,
    0.88989375,
    0.89023125,
    0.89009375,
    0.890359375,
    0.89045,
    0.891890625,
    0.891640625,
    0.891903125,
    0.89240625,
    0.892934375,
    0.893215625,
    0.89335625,
    0.893853125,
    0.893621875,
    0.89424375,
    0.8943,
    0.894725,
    0.895046875,
    0.895796875,
    0.89546875,
    0.89565625,
    0.896275,
    0.895921875,
    0.89675625,
    0.89731875,
    0.8966375,
    0.898346875,
    0.89753125,
    0.8982125,
    0.898303125,
    0.898153125,
    0.898409375,
    0.898859375,
    0.89884375,
    0.8988375,
    0.898921875,
    0.89961875,
    0.899359375,
    0.900225,
    0.899753125,
    0.900071875,
    0.900103125,
    0.900425,
    0.900828125,
    0.900609375,
    0.899884375,
    0.900803125,
    0.90118125,
    0.90085625,
    0.900775,
    0.901184375,
    0.901484375,
    0.901459375,
    0.9008,
    0.9012375,
    0.90161875,
    0.901215625,
    0.9014875,
    0.901459375,
    0.9010375,
    0.901575
  ],
  "val_acc": [
    0.7447,
    0.8003875,
    0.8191375,
    0.8340625,
    0.836175,
    0.8470125,
    0.8537875,
    0.85335,
    0.8537,
    0.86385,
    0.8649125,
    0.862425,
    0.8711125,
    0.873575,
    0.867525,
    0.867975,
    0.875825,
    0.8733375,
    0.87695,
    0.8763625,
    0.8746625,
    0.876925,
    0.8778125,
    0.8778,
    0.8778,
    0.8690875,
    0.8780125,
    0.867225,
    0.8745625,
    0.879075,
    0.8800125,
    0.871275,
    0.8796125,
    0.8833125,
    0.875275,
    0.8837375,
    0.8797625,
    0.8844875,
    0.8829875,
    0.882025,
    0.8786125,
    0.88205,
    0.881425,
    0.88045,
    0.8867875,
    0.882725,
    0.884025,
    0.8871625,
    0.8815625,
    0.883525,
    0.8840875,
    0.8861875,
    0.8801,
    0.8858875,
    0.8866,
    0.884875,
    0.8847125,
    0.8845125,
    0.8850875,
    0.8817,
    0.87935,
    0.8815375,
    0.876875,
    0.8830375,
    0.883225,
    0.8793625,
    0.8849625,
    0.8813125,
    0.88095,
    0.8846,
    0.882525,
    0.8816625,
    0.8828125,
    0.8807125,
    0.885425,
    0.8837875,
    0.8835875,
    0.8821,
    0.8854,
    0.88445,
    0.8797,
    0.8848125,
    0.8857375,
    0.88415,
    0.885525,
    0.8832375,
    0.8836875,
    0.88225,
    0.8835125,
    0.8837875,
    0.8834875,
    0.8848125,
    0.8841625,
    0.884125,
    0.8837,
    0.883125,
    0.8841625,
    0.884075,
    0.8838375,
    0.8839125
  ],