{
  "epoch_loss": [
    0.7017391738891602,
    0.6385450890223185,
    0.5586465789477031,
    0.5090661398569742,
    0.493556520096461,
    0.46287063790957134,
    0.4408163723150889,
    0.4263012574672699,
    0.40773241721789044,
    0.40565230992635093,
    0.38369383072853086,
    0.37831391433080036,
    0.368080872742335,
    0.36019766052563984,
    0.3534092771689097,
    0.34289510763486225,
    0.3305656246503194,
    0.3278544318040212,
    0.32087919778823853,
    0.31193952768643696,
    0.3061189261118571,
    0.2993952558040619,
    0.2884136618614197,
    0.28324271127382916,
    0.2748247913360596,
    0.26805586484273275,
    0.26365173800786335,
    0.25865863533020017,
    0.25690477760632835,
    0.2538343646446864,
    0.25016515674591067,
    0.24764056420326233,
    0.24433851873874665,
    0.2423259791135788,
    0.24135681993166605,
    0.2381104138215383,
    0.2366412363131841,
    0.23589732280572256,
    0.23351130594412486,
    0.2325557096004486,
    0.23164494863351187,
    0.2309508372227351,
    0.2303738448937734,
    0.22969802961349486,
    0.22808229394753773,
    0.2285490026394526,
    0.22811669182777405,
    0.2280883127530416,
    0.2283736182610194,
    0.22784330325921376
  ],
  "epoch_acc": [
    0.5220166666666667,
    0.6320166666666667,
    0.715425,
    0.7506666666666667,
    0.7564333333333333,
    0.7732041666666667,
    0.7846791666666667,
    0.7933166666666667,
    0.8055125,
    0.8063666666666667,
    0.8192791666666667,
    0.8223791666666667,
    0.8289458333333334,
    0.83295,
    0.8374791666666667,
    0.8427916666666667,
    0.8496625,
    0.8514,
    0.8551958333333334,
    0.8596833333333334,
    0.8624625,
    0.8654125,
    0.8715125,
    0.8745291666666667,
    0.8787916666666666,
    0.8817583333333333,
    0.8841583333333334,
    0.8867083333333333,
    0.8873208333333333,
    0.8887208333333333,
    0.8912166666666667,
    0.8919625,
    0.8933208333333333,
    0.8948,
    0.8949916666666666,
    0.896775,
    0.8979791666666667,
    0.8977375,
    0.8986416666666667,
    0.8991,
    0.9001791666666666,
    0.9001625,
    0.9005166666666666,
    0.9007791666666667,
    0.9010833333333333,
    0.9012083333333333,
    0.9014,
    0.9014416666666667,
    0.9007916666666667,
    0.9011708333333334
  ],
  "val_acc": [
    0.4548,
    0.4361,
    0.45775,
    0.47965,
    0.46665,
    0.4819,
    0.4781,
    0.4948,
    0.50115,
    0.5025,
    0.50375,
    0.50825,
    0.51135,
    0.5067,
    0.50865,
    0.5108,
    0.513,
    0.51365,
    0.51185,
    0.5101,
    0.512,
    0.51515,
    0.51205,
    0.51065,
    0.5104,
    0.51205,
    0.51335,
    0.5134,
    0.5126,
    0.5142,
    0.5148,
    0.5155,
    0.5144,
    0.5151,
    0.51695,
    0.51515,
    0.51385,
    0.5144,
    0.51435,
    0.51405,
    0.51425,
    0.51385,
    0.51445,
    0.514,
    0.5138,
    0.51395,
    0.51405,
    0.51395,
    0.5136,
    0.5135
  ],
  "lr": [
    0.0009990143508499217,
    0.0009960612933065818,
    0.00099115248173898,
    0.0009843072889837512,
    0.0009755527298894294,
    0.0009649233547011816,
    0.0009524611127067769,
    0.0009382151866819099,
    0.0009222417987882566,
    0.0009046039886902864,
    0.0008853713647665069,
    0.0008646198293969952,
    0.0008424312794113801,
    0.0008188932828794706,
    0.0007940987335200906,
    0.0007681454840920089,
    0.0007411359602138069,
    0.0007131767561367538,
    0.0006843782140659967,
    0.0006548539886902863,
    0.0006247205986388449,
    0.0005940969666355696,
    0.0005631039501653701,
    0.0005318638645048921,
    0.0005005,
    0.00046913613549510796,
    0.00043789604983463003,
    0.00040690303336443054,
    0.000376279401361155,
    0.00034614601130971394,
    0.00031662178593400354,
    0.00028782324386324626,
    0.00025986403978619317,
    0.00023285451590799105,
    0.0002069012664799097,
    0.00018210671712052946,
    0.00015856872058861996,
    0.00013638017060300502,
    0.0001156286352334933,
    9.639601130971378e-05,
    7.875820121174356e-05,
    6.278481331809012e-05,
    4.853888729322332e-05,
    3.607664529881844e-05,
    2.5447270110570804e-05,
    1.6692711016248827e-05,
    9.84751826101998e-06,
    4.938706693418354e-06,
    1.9856491500783555e-06,
    1e-06
  ],
  "domain_test_acc": [
    {},
    {},
    {},
    {},
    {
      "QIM": 0.7746,
      "PMS": 0.4772,
      "LSB": 0.7673,
      "AHCM": 0.8006
    },
    {},
    {},
    {},
    {},
    {
      "QIM": 0.8262,
      "PMS": 0.5044,
      "LSB": 0.8315,
      "AHCM": 0.8414
    },
    {},
    {},
    {},
    {},
    {
      "QIM": 0.8374,
      "PMS": 0.5158,
      "LSB": 0.8451,
      "AHCM": 0.8792
    },
    {},
    {},
    {},
    {},
    {
      "QIM": 0.8494,
      "PMS": 0.5166,
      "LSB": 0.8591,
      "AHCM": 0.9029
    },
    {},
    {},
    {},
    {},
    {
      "QIM": 0.8687,
      "PMS": 0.5182,
      "LSB": 0.8695,
      "AHCM": 0.9273
    },
    {},
    {},
    {},
    {},
    {
      "QIM": 0.8745,
      "PMS": 0.5221,
      "LSB": 0.8822,
      "AHCM": 0.9372
    },
    {},
    {},
    {},
    {},
    {
      "QIM": 0.8778,
      "PMS": 0.5251,
      "LSB": 0.8847,
      "AHCM": 0.9473
    },
    {},
    {},
    {},
    {},
    {
      "QIM": 0.8802,
      "PMS": 0.5211,
      "LSB": 0.8871,
      "AHCM": 0.9494
    },
    {},
    {},
    {},
    {},
    {
      "QIM": 0.8815,
      "PMS": 0.5225,
      "LSB": 0.8879,
      "AHCM": 0.9487
    },
    {},
    {},
    {},
    {},
    {
      "QIM": 0.8817,
      "PMS": 0.5234,
      "LSB": 0.8879,
      "AHCM": 0.9504
    }
  ],
  "rho": [
    0.03,
    0.03,
    0.03,
    0.03,
    0.03,
    0.03,
    0.03,
    0.03,
    0.03,
    0.03,
    0.03,
    0.03,
    0.03,
    0.03,
    0.03,
    0.03,
    0.03,
    0.03,
    0.03,
    0.03,
    0.03,
    0.03,
    0.03,
    0.03,
    0.03,
    0.03,
    0.03,
    0.03,
    0.03,
    0.03,
    0.03,
    0.03,
    0.03,
    0.03,
    0.03,
    0.03,
    0.03,
    0.03,
    0.03,
    0.03,
    0.03,
    0.03,
    0.03,
    0.03,
    0.03,
    0.03,
    0.03,
    0.03,
    0.03,
    0.03
  ]
}