{
  "epoch_loss": [
    0.7045365608851115,
    0.6760603016853333,
    0.6106982571283976,
    0.5584176423072815,
    0.5357969887415568,
    0.5088904164632162,
    0.488129195245107,
    0.4754736255804698,
    0.4614849390347799,
    0.4513049376646678,
    0.43563066148757934,
    0.4258929030418396,
    0.41157186444600424,
    0.39616482434272765,
    0.3838614877859751,
    0.3649053933620453,
    0.35219693190256757,
    0.33993169299761455,
    0.3323241531054179,
    0.3237198180993398,
    0.3176211857318878,
    0.314409029229482,
    0.30873550092379254,
    0.30401198806762697,
    0.29929512901306154,
    0.2956549051920573,
    0.2936090539455414,
    0.29034011143048605,
    0.28681610568364463,
    0.28409194502830504,
    0.28406919492085775,
    0.28042155156135556,
    0.2773934656937917,
    0.2783502957026164,
    0.27640368657112124,
    0.27343488221168516,
    0.2724873606363932,
    0.27162373876571655,
    0.2705934249242147,
    0.26967694137891135,
    0.26988379640579224,
    0.26864895690282187,
    0.26789507540067037,
    0.26709428674379987,
    0.2662584586143494,
    0.26591205286979674,
    0.26655658798217774,
    0.26636512794494627,
    0.266148184967041,
    0.26532212913831077
  ],
  "epoch_acc": [
    0.5107916666666666,
    0.5741583333333333,
    0.669525,
    0.711625,
    0.7262458333333334,
    0.7435791666666667,
    0.7551208333333334,
    0.7613416666666667,
    0.7713416666666667,
    0.7771833333333333,
    0.7868791666666667,
    0.7937166666666666,
    0.8039,
    0.8122375,
    0.8192916666666666,
    0.8303208333333333,
    0.8374375,
    0.8446083333333333,
    0.8483458333333334,
    0.8529666666666667,
    0.8566333333333334,
    0.8580083333333334,
    0.8608541666666667,
    0.8631833333333333,
    0.8649208333333334,
    0.8672875,
    0.8681291666666666,
    0.8696375,
    0.871875,
    0.8733625,
    0.8733916666666667,
    0.875675,
    0.8764125,
    0.8759958333333333,
    0.8769916666666666,
    0.8785333333333334,
    0.8788291666666667,
    0.8790416666666667,
    0.8803166666666666,
    0.8802166666666666,
    0.8802166666666666,
    0.8812041666666667,
    0.8810916666666667,
    0.881525,
    0.8820666666666667,
    0.8822041666666667,
    0.8817,
    0.8818541666666667,
    0.8817125,
    0.8820875
  ],
  "val_acc": [
    0.5102,
    0.5362,
    0.52505,
    0.5178,
    0.5242,
    0.5221,
    0.5214,
    0.5265,
    0.5304,
    0.53175,
    0.53745,
    0.53675,
    0.53885,
    0.52755,
    0.5256,
    0.52455,
    0.5281,
    0.52765,
    0.5301,
    0.5251,
    0.5262,
    0.5298,
    0.53105,
    0.5256,
    0.5308,
    0.52975,
    0.525,
    0.52705,
    0.5268,
    0.52555,
    0.5268,
    0.5268,
    0.53285,
    0.53025,
    0.52975,
    0.52785,
    0.5284,
    0.52645,
    0.5289,
    0.5262,
    0.528,
    0.528,
    0.5273,
    0.5273,
    0.5277,
    0.52785,
    0.52765,
    0.52785,
    0.5276,
    0.5273
  ],
  "lr": [
    0.0009990143508499217,
    0.0009960612933065818,
    0.00099115248173898,
    0.0009843072889837512,
    0.0009755527298894294,
    0.0009649233547011816,
    0.0009524611127067769,
    0.0009382151866819099,
    0.0009222417987882566,
    0.0009046039886902864,
    0.0008853713647665069,
    0.0008646198293969952,
    0.0008424312794113801,
    0.0008188932828794706,
    0.0007940987335200906,
    0.0007681454840920089,
    0.0007411359602138069,
    0.0007131767561367538,
    0.0006843782140659967,
    0.0006548539886902863,
    0.0006247205986388449,
    0.0005940969666355696,
    0.0005631039501653701,
    0.0005318638645048921,
    0.0005005,
    0.00046913613549510796,
    0.00043789604983463003,
    0.00040690303336443054,
    0.000376279401361155,
    0.00034614601130971394,
    0.00031662178593400354,
    0.00028782324386324626,
    0.00025986403978619317,
    0.00023285451590799105,
    0.0002069012664799097,
    0.00018210671712052946,
    0.00015856872058861996,
    0.00013638017060300502,
    0.0001156286352334933,
    9.639601130971378e-05,
    7.875820121174356e-05,
    6.278481331809012e-05,
    4.853888729322332e-05,
    3.607664529881844e-05,
    2.5447270110570804e-05,
    1.6692711016248827e-05,
    9.84751826101998e-06,
    4.938706693418354e-06,
    1.9856491500783555e-06,
    1e-06
  ],
  "domain_test_acc": [
    {},
    {},
    {},
    {},
    {
      "QIM": 0.5258,
      "PMS": 0.6776,
      "LSB": 0.7891,
      "AHCM": 0.8065
    },
    {},
    {},
    {},
    {},
    {
      "QIM": 0.5177,
      "PMS": 0.7142,
      "LSB": 0.8008,
      "AHCM": 0.8578
    },
    {},
    {},
    {},
    {},
    {
      "QIM": 0.5217,
      "PMS": 0.7449,
      "LSB": 0.8449,
      "AHCM": 0.9082
    },
    {},
    {},
    {},
    {},
    {
      "QIM": 0.524,
      "PMS": 0.781,
      "LSB": 0.8556,
      "AHCM": 0.9331
    },
    {},
    {},
    {},
    {},
    {
      "QIM": 0.5289,
      "PMS": 0.7969,
      "LSB": 0.8444,
      "AHCM": 0.954
    },
    {},
    {},
    {},
    {},
    {
      "QIM": 0.5227,
      "PMS": 0.7957,
      "LSB": 0.8764,
      "AHCM": 0.9597
    },
    {},
    {},
    {},
    {},
    {
      "QIM": 0.5275,
      "PMS": 0.8068,
      "LSB": 0.8684,
      "AHCM": 0.9672
    },
    {},
    {},
    {},
    {},
    {
      "QIM": 0.5221,
      "PMS": 0.7999,
      "LSB": 0.8858,
      "AHCM": 0.9651
    },
    {},
    {},
    {},
    {},
    {
      "QIM": 0.5265,
      "PMS": 0.8102,
      "LSB": 0.8778,
      "AHCM": 0.9691
    },
    {},
    {},
    {},
    {},
    {
      "QIM": 0.5271,
      "PMS": 0.8103,
      "LSB": 0.8741,
      "AHCM": 0.9696
    }
  ],
  "rho": [
    0.03,
    0.03,
    0.03,
    0.03,
    0.03,
    0.03,
    0.03,
    0.03,
    0.03,
    0.03,
    0.03,
    0.03,
    0.03,
    0.03,
    0.03,
    0.03,
    0.03,
    0.03,
    0.03,
    0.03,
    0.03,
    0.03,
    0.03,
    0.03,
    0.03,
    0.03,
    0.03,
    0.03,
    0.03,
    0.03,
    0.03,
    0.03,
    0.03,
    0.03,
    0.03,
    0.03,
    0.03,
    0.03,
    0.03,
    0.03,
    0.03,
    0.03,
    0.03,
    0.03,
    0.03,
    0.03,
    0.03,
    0.03,
    0.03,
    0.03
  ]
}