{
  "epoch_loss": [
    0.7347133932014306,
    0.7016376093029976,
    0.7003271291653316,
    0.6985514131685098,
    0.6987672294179599,
    0.6992554637293021,
    0.6987495807309946,
    0.6979755702118079,
    0.6986989468336106,
    0.6995395980775356,
    0.6999612020949523,
    0.7001747662822405,
    0.7008149512112141,
    0.700378350665172,
    0.7005617839594682,
    0.7009064820905526,
    0.7005898880461852,
    0.7009169697761536,
    0.7006960056722165,
    0.700319954007864,
    0.700327425946792,
    0.7006012027462324,
    0.7003129680951437,
    0.6998949863016606,
    0.7004022342463334,
    0.7000725279251735,
    0.700796780983607,
    0.7000417803724607,
    0.700744429975748,
    0.7008110880851746,
    0.7002968316276869,
    0.7004007324576378
  ],
  "epoch_acc": [
    0.5176166666666666,
    0.5287708333333333,
    0.5346166666666666,
    0.5300333333333334,
    0.5278,
    0.5161375,
    0.5076416666666667,
    0.5058291666666667,
    0.5028208333333334,
    0.5023958333333334,
    0.5011041666666667,
    0.4993875,
    0.5000208333333334,
    0.5000625,
    0.49953333333333333,
    0.49949166666666667,
    0.5001833333333333,
    0.4992333333333333,
    0.49966666666666665,
    0.4990833333333333,
    0.5006916666666666,
    0.4994416666666667,
    0.498875,
    0.500575,
    0.49956666666666666,
    0.499275,
    0.49954166666666666,
    0.4998666666666667,
    0.49930833333333335,
    0.4995,
    0.49893333333333334,
    0.4986083333333333
  ],
  "val_acc": [
    0.4999,
    0.51505,
    0.53015,
    0.51085,
    0.49995,
    0.52705,
    0.5015,
    0.5,
    0.4999,
    0.5,
    0.5,
    0.5,
    0.5,
    0.5,
    0.5,
    0.5,
    0.5,
    0.5,
    0.5,
    0.5,
    0.5,
    0.5,
    0.5,
    0.5,
    0.5,
    0.5,
    0.5,
    0.5,
    0.5,
    0.5,
    0.5,
    0.5
  ],
  "lr": [
    0.0009990143508499217,
    0.0009960612933065818,
    0.00099115248173898,
    0.0009843072889837512,
    0.0009755527298894294,
    0.0009649233547011816,
    0.0009524611127067769,
    0.0009382151866819099,
    0.0009222417987882566,
    0.0009046039886902864,
    0.0008853713647665069,
    0.0008646198293969952,
    0.0008424312794113801,
    0.0008188932828794706,
    0.0007940987335200906,
    0.0007681454840920089,
    0.0007411359602138069,
    0.0007131767561367538,
    0.0006843782140659967,
    0.0006548539886902863,
    0.0006247205986388449,
    0.0005940969666355696,
    0.0005631039501653701,
    0.0005318638645048921,
    0.0005005,
    0.00046913613549510796,
    0.00043789604983463003,
    0.00040690303336443054,
    0.000376279401361155,
    0.00034614601130971394,
    0.00031662178593400354,
    0.00028782324386324626
  ],
  "domain_test_acc": [
    {},
    {},
    {},
    {},
    {
      "QIM": 0.5,
      "PMS": 0.5,
      "LSB": 0.5,
      "AHCM": 0.5
    },
    {},
    {},
    {},
    {},
    {
      "QIM": 0.5,
      "PMS": 0.5,
      "LSB": 0.5,
      "AHCM": 0.5
    },
    {},
    {},
    {},
    {},
    {
      "QIM": 0.5,
      "PMS": 0.5,
      "LSB": 0.5,
      "AHCM": 0.5
    },
    {},
    {},
    {},
    {},
    {
      "QIM": 0.5,
      "PMS": 0.5,
      "LSB": 0.5,
      "AHCM": 0.5
    },
    {},
    {},
    {},
    {},
    {
      "QIM": 0.5,
      "PMS": 0.5,
      "LSB": 0.5,
      "AHCM": 0.5
    },
    {},
    {},
    {},
    {},
    {
      "QIM": 0.5,
      "PMS": 0.5,
      "LSB": 0.5,
      "AHCM": 0.5
    },
    {},
    {}
  ],
  "rho": [
    0.05,
    0.05,
    0.05,
    0.05,
    0.05,
    0.05,
    0.05,
    0.05,
    0.05,
    0.05,
    0.05,
    0.05,
    0.05,
    0.05,
    0.05,
    0.05,
    0.05,
    0.05,
    0.05,
    0.05,
    0.05,
    0.05,
    0.05,
    0.05,
    0.05,
    0.05,
    0.05,
    0.05,
    0.05,
    0.05,
    0.05,
    0.05
  ]
}