{
  "epoch_loss": [
    0.5302540940920512,
    0.3926976091384888,
    0.3349691056251526,
    0.3005391679604848,
    0.278090841960907,
    0.26442601482073463,
    0.25545181731383004,
    0.2469343124071757,
    0.2398110371430715,
    0.2373454103151957,
    0.2327413953860601,
    0.23057761351267497,
    0.22638110716342927,
    0.22356144189834595,
    0.22143622983296712,
    0.21818447115421294,
    0.21546990511417388,
    0.21339018405278523,
    0.2107513674736023,
    0.20935013077259063,
    0.207769655863444,
    0.20590784614086152,
    0.20425420138041178,
    0.2018319982369741,
    0.20065869289239247,
    0.19842315799395244,
    0.19752592477003733,
    0.19590229465961456,
    0.19339900894165038,
    0.192362650958697,
    0.19131074358622233,
    0.18938198611736298,
    0.1881670062383016,
    0.18788015645345052,
    0.1859521636168162,
    0.1849588095029195,
    0.1839973645210266,
    0.1828368531703949,
    0.1825987627029419,
    0.18131373761494954,
    0.1804949510971705,
    0.1795157884756724,
    0.17916629676024118,
    0.17837051348686217,
    0.1785106025536855,
    0.17776270377635955,
    0.17685141203403473,
    0.17653814549446106,
    0.1769545750061671,
    0.1766264037768046
  ],
  "epoch_acc": [
    0.7169916666666667,
    0.815925,
    0.8483291666666667,
    0.8658125,
    0.8767541666666666,
    0.8828,
    0.8875583333333333,
    0.8914875,
    0.8951291666666666,
    0.8954708333333333,
    0.8978166666666667,
    0.8988833333333334,
    0.9010416666666666,
    0.901475,
    0.9033791666666666,
    0.9047458333333334,
    0.9057291666666667,
    0.9070666666666667,
    0.9084375,
    0.9090333333333334,
    0.9090916666666666,
    0.9103375,
    0.91125,
    0.9121666666666667,
    0.9130125,
    0.9144458333333333,
    0.9141666666666667,
    0.9150125,
    0.9161291666666667,
    0.9168791666666667,
    0.9166,
    0.9182208333333334,
    0.918375,
    0.918575,
    0.9197916666666667,
    0.9198333333333333,
    0.9205458333333333,
    0.9213375,
    0.921275,
    0.9217291666666667,
    0.9224,
    0.9229833333333334,
    0.9227416666666667,
    0.9233166666666667,
    0.9233208333333334,
    0.9237416666666667,
    0.9237916666666667,
    0.9239416666666667,
    0.9239416666666667,
    0.9242333333333334
  ],
  "val_acc": [
    0.7764666666666666,
    0.8478333333333333,
    0.8583833333333334,
    0.8768333333333334,
    0.8700333333333333,
    0.8898666666666667,
    0.8909666666666667,
    0.8849166666666667,
    0.89455,
    0.9002666666666667,
    0.8954166666666666,
    0.8936333333333333,
    0.89615,
    0.90195,
    0.8921166666666667,
    0.89865,
    0.8979,
    0.905,
    0.8998666666666667,
    0.89915,
    0.9059333333333334,
    0.9006166666666666,
    0.90715,
    0.90715,
    0.90715,
    0.9048833333333334,
    0.9082,
    0.90915,
    0.9085166666666666,
    0.9023833333333333,
    0.9099666666666667,
    0.9095166666666666,
    0.9101666666666667,
    0.9108166666666667,
    0.9103,
    0.9081833333333333,
    0.9111833333333333,
    0.911,
    0.9097166666666666,
    0.9089,
    0.9126166666666666,
    0.9123333333333333,
    0.9104,
    0.9122833333333333,
    0.9114166666666667,
    0.9123166666666667,
    0.9123,
    0.9124833333333333,
    0.9123166666666667,
    0.9123
  ],
  "target_acc": [
    0.4763,
    0.5108,
    0.53175,
    0.53855,
    0.53765,
    0.54935,
    0.5684,
    0.55925,
    0.5521,
    0.57785,
    0.56905,
    0.5587,
    0.56915,
    0.5705,
    0.5593,
    0.5772,
    0.55525,
    0.5705,
    0.5753,
    0.55875,
    0.57965,
    0.5578,
    0.5544,
    0.5703,
    0.56225,
    0.56455,
    0.5622,
    0.5669,
    0.56765,
    0.55895,
    0.5601,
    0.55085,
    0.5664,
    0.56335,
    0.5771,
    0.5658,
    0.5743,
    0.5655,
    0.56735,
    0.56725,
    0.56355,
    0.56975,
    0.56865,
    0.5722,
    0.57315,
    0.57205,
    0.5726,
    0.57275,
    0.5725,
    0.57255
  ],
  "lr": [
    0.0009990143508499217,
    0.0009960612933065818,
    0.00099115248173898,
    0.0009843072889837512,
    0.0009755527298894294,
    0.0009649233547011816,
    0.0009524611127067769,
    0.0009382151866819099,
    0.0009222417987882566,
    0.0009046039886902864,
    0.0008853713647665069,
    0.0008646198293969952,
    0.0008424312794113801,
    0.0008188932828794706,
    0.0007940987335200906,
    0.0007681454840920089,
    0.0007411359602138069,
    0.0007131767561367538,
    0.0006843782140659967,
    0.0006548539886902863,
    0.0006247205986388449,
    0.0005940969666355696,
    0.0005631039501653701,
    0.0005318638645048921,
    0.0005005,
    0.00046913613549510796,
    0.00043789604983463003,
    0.00040690303336443054,
    0.000376279401361155,
    0.00034614601130971394,
    0.00031662178593400354,
    0.00028782324386324626,
    0.00025986403978619317,
    0.00023285451590799105,
    0.0002069012664799097,
    0.00018210671712052946,
    0.00015856872058861996,
    0.00013638017060300502,
    0.0001156286352334933,
    9.639601130971378e-05,
    7.875820121174356e-05,
    6.278481331809012e-05,
    4.853888729322332e-05,
    3.607664529881844e-05,
    2.5447270110570804e-05,
    1.6692711016248827e-05,
    9.84751826101998e-06,
    4.938706693418354e-06,
    1.9856491500783555e-06,
    1e-06
  ],
  "domain_test_acc": [
    {},
    {},
    {},
    {},
    {
      "QIM": 0.8487,
      "PMS": 0.8007,
      "LSB": 0.5357,
      "AHCM": 0.9745
    },
    {},
    {},
    {},
    {},
    {
      "QIM": 0.9069,
      "PMS": 0.8157,
      "LSB": 0.576,
      "AHCM": 0.9873
    },
    {},
    {},
    {},
    {},
    {
      "QIM": 0.8685,
      "PMS": 0.8291,
      "LSB": 0.5571,
      "AHCM": 0.9921
    },
    {},
    {},
    {},
    {},
    {
      "QIM": 0.8747,
      "PMS": 0.8361,
      "LSB": 0.5548,
      "AHCM": 0.9929
    },
    {},
    {},
    {},
    {},
    {
      "QIM": 0.9128,
      "PMS": 0.82,
      "LSB": 0.5637,
      "AHCM": 0.993
    },
    {},
    {},
    {},
    {},
    {
      "QIM": 0.8925,
      "PMS": 0.8291,
      "LSB": 0.5576,
      "AHCM": 0.9957
    },
    {},
    {},
    {},
    {},
    {
      "QIM": 0.9063,
      "PMS": 0.8356,
      "LSB": 0.5794,
      "AHCM": 0.9958
    },
    {},
    {},
    {},
    {},
    {
      "QIM": 0.9026,
      "PMS": 0.8351,
      "LSB": 0.5666,
      "AHCM": 0.9952
    },
    {},
    {},
    {},
    {},
    {
      "QIM": 0.9095,
      "PMS": 0.8369,
      "LSB": 0.5752,
      "AHCM": 0.9968
    },
    {},
    {},
    {},
    {},
    {
      "QIM": 0.9145,
      "PMS": 0.8318,
      "LSB": 0.5772,
      "AHCM": 0.9966
    }
  ]
}