{
  "epoch_loss": [
    0.5367706627209982,
    0.3742347864627838,
    0.3090453812122345,
    0.27410776680310567,
    0.2550753369013468,
    0.2418481868426005,
    0.2320841515382131,
    0.22486636935869853,
    0.21972849100430805,
    0.21396204636891683,
    0.2089503045876821,
    0.2043274405638377,
    0.20105279018084207,
    0.19712520535786945,
    0.19475764389038086,
    0.19189726502895355,
    0.1893716386159261,
    0.18644714527924855,
    0.18509834377765655,
    0.1828807165145874,
    0.1812966951529185,
    0.17939260585308076,
    0.1772920702536901,
    0.17524982291062674,
    0.17406733276844025,
    0.17309206787745157,
    0.17057693045139313,
    0.1689847603758176,
    0.16867579931815466,
    0.16756181939442952,
    0.16595074537595114,
    0.16427525939941406,
    0.16360655392011006,
    0.16211346617539724,
    0.16110516893863677,
    0.16018956379095714,
    0.15881770692666372,
    0.1582346962213516,
    0.15800661710103353,
    0.15712092440128325,
    0.1561075512091319,
    0.15570561389923096,
    0.15489596156279245,
    0.15433002419471742,
    0.15403742938836415,
    0.15421004552046458,
    0.15336884728272757,
    0.15301454389890035,
    0.1528184828956922,
    0.1530520269791285
  ],
  "epoch_acc": [
    0.7073125,
    0.8248458333333333,
    0.8599,
    0.8775625,
    0.8870458333333333,
    0.89285,
    0.8980041666666667,
    0.9014791666666667,
    0.9038833333333334,
    0.9068458333333334,
    0.9088875,
    0.9111875,
    0.9128416666666667,
    0.9143125,
    0.9157208333333333,
    0.9168583333333333,
    0.9178041666666666,
    0.919325,
    0.9197375,
    0.9205708333333333,
    0.9215291666666666,
    0.9224333333333333,
    0.9232041666666667,
    0.9242708333333334,
    0.9246875,
    0.9255208333333333,
    0.9269083333333333,
    0.9272875,
    0.9272333333333334,
    0.928025,
    0.9286458333333333,
    0.9294125,
    0.9297125,
    0.9297041666666667,
    0.9307541666666667,
    0.9312166666666667,
    0.9315416666666667,
    0.9317,
    0.9321333333333334,
    0.9326916666666667,
    0.933075,
    0.9331666666666667,
    0.9335625,
    0.9340208333333333,
    0.9338708333333333,
    0.9341875,
    0.9341625,
    0.9347416666666667,
    0.9345208333333334,
    0.9344166666666667
  ],
  "val_acc": [
    0.7830333333333334,
    0.82375,
    0.8657,
    0.85915,
    0.8761,
    0.89185,
    0.88985,
    0.8998,
    0.9008166666666667,
    0.9113833333333333,
    0.8911666666666667,
    0.9121666666666667,
    0.9093166666666667,
    0.9081,
    0.9081833333333333,
    0.9154666666666667,
    0.9154833333333333,
    0.9182833333333333,
    0.91485,
    0.9219333333333334,
    0.9216166666666666,
    0.92355,
    0.9239833333333334,
    0.9174666666666667,
    0.9211166666666667,
    0.9157333333333333,
    0.9226666666666666,
    0.9262833333333333,
    0.9230666666666667,
    0.9260666666666667,
    0.9233,
    0.9235333333333333,
    0.9272,
    0.9262333333333334,
    0.9222833333333333,
    0.9233,
    0.9268,
    0.9216833333333333,
    0.9277833333333333,
    0.9270833333333334,
    0.9214833333333333,
    0.9278666666666666,
    0.92635,
    0.9276166666666666,
    0.9253666666666667,
    0.92475,
    0.9249333333333334,
    0.92625,
    0.9253166666666667,
    0.9256666666666666
  ],
  "target_acc": [
    0.5318,
    0.53145,
    0.52135,
    0.541,
    0.5336,
    0.52925,
    0.5316,
    0.5247,
    0.5357,
    0.5238,
    0.52915,
    0.526,
    0.5275,
    0.53335,
    0.53225,
    0.52985,
    0.5288,
    0.5286,
    0.5223,
    0.52175,
    0.5193,
    0.5213,
    0.52295,
    0.5239,
    0.52805,
    0.5284,
    0.52375,
    0.52465,
    0.5286,
    0.5188,
    0.52375,
    0.5258,
    0.52145,
    0.5244,
    0.5313,
    0.52785,
    0.5255,
    0.53315,
    0.52665,
    0.5262,
    0.5297,
    0.52365,
    0.5254,
    0.5251,
    0.5287,
    0.52795,
    0.5293,
    0.5278,
    0.52935,
    0.5292
  ],
  "lr": [
    0.0009990143508499217,
    0.0009960612933065818,
    0.00099115248173898,
    0.0009843072889837512,
    0.0009755527298894294,
    0.0009649233547011816,
    0.0009524611127067769,
    0.0009382151866819099,
    0.0009222417987882566,
    0.0009046039886902864,
    0.0008853713647665069,
    0.0008646198293969952,
    0.0008424312794113801,
    0.0008188932828794706,
    0.0007940987335200906,
    0.0007681454840920089,
    0.0007411359602138069,
    0.0007131767561367538,
    0.0006843782140659967,
    0.0006548539886902863,
    0.0006247205986388449,
    0.0005940969666355696,
    0.0005631039501653701,
    0.0005318638645048921,
    0.0005005,
    0.00046913613549510796,
    0.00043789604983463003,
    0.00040690303336443054,
    0.000376279401361155,
    0.00034614601130971394,
    0.00031662178593400354,
    0.00028782324386324626,
    0.00025986403978619317,
    0.00023285451590799105,
    0.0002069012664799097,
    0.00018210671712052946,
    0.00015856872058861996,
    0.00013638017060300502,
    0.0001156286352334933,
    9.639601130971378e-05,
    7.875820121174356e-05,
    6.278481331809012e-05,
    4.853888729322332e-05,
    3.607664529881844e-05,
    2.5447270110570804e-05,
    1.6692711016248827e-05,
    9.84751826101998e-06,
    4.938706693418354e-06,
    1.9856491500783555e-06,
    1e-06
  ],
  "domain_test_acc": [
    {},
    {},
    {},
    {},
    {
      "QIM": 0.5304,
      "PMS": 0.8072,
      "LSB": 0.8418,
      "AHCM": 0.9764
    },
    {},
    {},
    {},
    {},
    {
      "QIM": 0.5182,
      "PMS": 0.8196,
      "LSB": 0.9242,
      "AHCM": 0.99
    },
    {},
    {},
    {},
    {},
    {
      "QIM": 0.5298,
      "PMS": 0.8384,
      "LSB": 0.8999,
      "AHCM": 0.9924
    },
    {},
    {},
    {},
    {},
    {
      "QIM": 0.5231,
      "PMS": 0.8321,
      "LSB": 0.9349,
      "AHCM": 0.9952
    },
    {},
    {},
    {},
    {},
    {
      "QIM": 0.5253,
      "PMS": 0.8421,
      "LSB": 0.927,
      "AHCM": 0.9979
    },
    {},
    {},
    {},
    {},
    {
      "QIM": 0.5185,
      "PMS": 0.8339,
      "LSB": 0.9465,
      "AHCM": 0.9983
    },
    {},
    {},
    {},
    {},
    {
      "QIM": 0.5305,
      "PMS": 0.8483,
      "LSB": 0.9254,
      "AHCM": 0.9981
    },
    {},
    {},
    {},
    {},
    {
      "QIM": 0.5253,
      "PMS": 0.8439,
      "LSB": 0.9324,
      "AHCM": 0.9979
    },
    {},
    {},
    {},
    {},
    {
      "QIM": 0.5286,
      "PMS": 0.8483,
      "LSB": 0.9323,
      "AHCM": 0.9983
    },
    {},
    {},
    {},
    {},
    {
      "QIM": 0.5282,
      "PMS": 0.8471,
      "LSB": 0.9297,
      "AHCM": 0.9981
    }
  ]
}