{
  "epoch_loss": [
    1.8800520362854003,
    1.7952599124908448
  ],
  "epoch_acc": [
    0.49475,
    0.503
  ],
  "val_acc": [
    0.542,
    0.5409375
  ],
  "target_acc": [
    0.542,
    0.5409375
  ],
  "lr": [
    0.0005005000000000001,
    1e-06
  ],
  "domain_test_acc": [
    {},
    {}
  ],
  "rho": [
    0.03,
    0.03
  ],
  "contrast_loss": [
    0.999999984741211,
    0.9999999952316284
  ],
  "sharpness": [
    0.0333473072052002,
    -0.011380805015563964
  ],
  "domain_sharpness": [
    {
      "QIM": 0.0024732202291488647,
      "PMS": -0.0006961114704608917,
      "LSB": 0.010188747197389603,
      "AHCM": 0.006791345775127411
    },
    {
      "QIM": -0.0016070902347564697,
      "PMS": 0.010929364711046219,
      "LSB": -0.0014056861400604248,
      "AHCM": 0.012679729610681534
    }
  ],
  "gap_loss": [
    0.16859407901763915,
    0.09648325204849244
  ],
  "domain_gaps": [
    {
      "Cover-QIM": {
        "current": 0.14300303906202316,
        "d_min": 0.14300303906202316,
        "d_max": 0.36002856120467186,
        "ratio": 0.44931480896389686
      },
      "Cover-LSB": {
        "current": 0.1641766233369708,
        "d_min": 0.14300303906202316,
        "d_max": 0.36002856120467186,
        "ratio": 0.5134917264398449
      },
      "Cover-PMS": {
        "current": 0.32377410034338633,
        "d_min": 0.14112481673558552,
        "d_max": 0.37126246591409046,
        "ratio": 0.8605507781853244
      },
      "Cover-AHCM": {
        "current": 0.37126246591409046,
        "d_min": 0.14112481673558552,
        "d_max": 0.37126246591409046,
        "ratio": 0.9999969831428471
      }
    },
    {
      "Cover-QIM": {
        "current": 0.13568717800080776,
        "d_min": 0.12592626363039017,
        "d_max": 0.1521155061200261,
        "ratio": 0.9023610492707359
      },
      "Cover-PMS": {
        "current": 0.12891741748899221,
        "d_min": 0.12592626363039017,
        "d_max": 0.1521155061200261,
        "ratio": 0.8490984183239336
      },
      "Cover-LSB": {
        "current": 0.14139071106910706,
        "d_min": 0.12592626363039017,
        "d_max": 0.1521155061200261,
        "ratio": 0.9358892368954002
      },
      "Cover-AHCM": {
        "current": 0.14690356608480215,
        "d_min": 0.12592626363039017,
        "d_max": 0.1521155061200261,
        "ratio": 0.9628609032758851
      }
    }
  ],
  "adaptive_weights": [
    {
      "QIM": 0.5164167825132608,
      "LSB": 0.3558962447568774,
      "PMS": 0.0905449479818344,
      "AHCM": 0.045654501765966415
    },
    {
      "QIM": 0.24778535519726574,
      "PMS": 0.5044008744880557,
      "LSB": 0.11574587458744645,
      "AHCM": 0.13206788175739348
    }
  ],
  "live_clean_gaps": [
    {
      "0": 0.18506995122879744,
      "1": 0.19397330656647682,
      "2": 0.1999735152348876,
      "3": 0.22637684643268585
    },
    {
      "0": 0.19519902020692825,
      "1": 0.18330925982445478,
      "2": 0.18244130443781614,
      "3": 0.17382732685655355
    }
  ],
  "live_pert_gaps": [
    {
      "0": 0.18986734095960855,
      "1": 0.20035191997885704,
      "2": 0.2010657535865903,
      "3": 0.23489978536963463
    },
    {
      "0": 0.19192824233323336,
      "1": 0.17852535098791122,
      "2": 0.18391415942460299,
      "3": 0.17913163919001818
    }
  ],
  "ema_gaps": [
    0.24742617890719446,
    0.1382247181609273
  ],
  "adgm_skip_count": [
    0,
    0
  ],
  "gap_retention": [
    1.0254793163794789,
    0.9989335692890344
  ]
}