{
  "epoch_loss": [
    1.8838268146514892,
    1.8388683700561523
  ],
  "epoch_acc": [
    0.4945,
    0.5020625
  ],
  "val_acc": [
    0.5,
    0.5
  ],
  "target_acc": [
    0.5,
    0.5
  ],
  "lr": [
    0.0005005000000000001,
    1e-06
  ],
  "domain_test_acc": [
    {},
    {}
  ],
  "rho": [
    0.03,
    0.03
  ],
  "contrast_loss": [
    1.0,
    0.9999999742507935
  ],
  "sharpness": [
    0.013653826713562012,
    -0.01717750072479248
  ],
  "domain_sharpness": [
    {
      "QIM": 0.0012191411048646957,
      "PMS": 0.004902608810909211,
      "LSB": -0.0010027204241071428,
      "AHCM": 0.005168101144215417
    },
    {
      "QIM": 0.0033756172846234034,
      "PMS": 0.004743664037613641,
      "LSB": 0.0009993579652574328,
      "AHCM": 0.004878239026145329
    }
  ],
  "gap_loss": [
    0.17387606477737427,
    0.13926336145401
  ],
  "domain_gaps": [
    {
      "Cover-QIM": {
        "current": 0.07926814234445966,
        "d_min": 0.06998840210929749,
        "d_max": 0.20206773706844874,
        "ratio": 0.4937657076782949
      },
      "Cover-PMS": {
        "current": 0.0866415708784073,
        "d_min": 0.06998840210929749,
        "d_max": 0.20206773706844874,
        "ratio": 0.5218370903362585
      },
      "Cover-LSB": {
        "current": 0.0958321714212024,
        "d_min": 0.06998840210929749,
        "d_max": 0.20206773706844874,
        "ratio": 0.7438054498489128
      },
      "Cover-AHCM": {
        "current": 0.1981120027241207,
        "d_min": 0.06815745489251229,
        "d_max": 0.20077740905746336,
        "ratio": 0.9635435643261281
      }
    },
    {
      "Cover-QIM": {
        "current": 0.0328343544628412,
        "d_min": 0.032178978332214885,
        "d_max": 0.04959498079759734,
        "ratio": 0.662901896452141
      },
      "Cover-PMS": {
        "current": 0.034475228793564294,
        "d_min": 0.032178978332214885,
        "d_max": 0.04959498079759734,
        "ratio": 0.6977836357106818
      },
      "Cover-LSB": {
        "current": 0.04041438638454392,
        "d_min": 0.032178978332214885,
        "d_max": 0.04959498079759734,
        "ratio": 0.8149838650051462
      },
      "Cover-AHCM": {
        "current": 0.04959498079759734,
        "d_min": 0.032178978332214885,
        "d_max": 0.04959498079759734,
        "ratio": 0.9999797629497372
      }
    }
  ],
  "adaptive_weights": [
    {
      "QIM": 0.4154271978944067,
      "PMS": 0.3716219035642488,
      "LSB": 0.159361705597904,
      "AHCM": 0.05445353494536492
    },
    {
      "QIM": 0.44490661696782186,
      "PMS": 0.3620764904078983,
      "LSB": 0.1542187219574338,
      "AHCM": 0.03879816741460845
    }
  ]
}