{
  "epoch_loss": [
    0.704342758401235,
    0.6675271244049072,
    0.5952404065767924,
    0.5445120821634928,
    0.5196529658953348,
    0.5155590175151825,
    0.5001440557638804,
    0.48713538517951965,
    0.4807866682052612,
    0.4674410360495249,
    0.45658823421796163,
    0.43697926712036134,
    0.4259243056456248,
    0.41322290614446006,
    0.4045468873500824,
    0.3949361066977183,
    0.39128848519325254,
    0.38179546545346577,
    0.3733972218354543,
    0.36919440642992657,
    0.36334553991953533,
    0.3580736281553904,
    0.35473827323913576,
    0.3470041009426117,
    0.34132892413139343,
    0.33831744346618653,
    0.3365709370136261,
    0.33172530414263407,
    0.3271697443962097,
    0.32361026237805685,
    0.32217216862042747,
    0.3186715476671855,
    0.31929461674690246,
    0.31716870199839275,
    0.31387705682118733,
    0.3127109951496124,
    0.31255291403134666,
    0.3080164768695831,
    0.30785361890792845,
    0.3060117067654928,
    0.3067839051882426,
    0.30439250504175824,
    0.30327949868837994,
    0.30361522630055743,
    0.303421817445755,
    0.30266703351338703,
    0.30278436698913574,
    0.3024116613547007,
    0.3021900107383728,
    0.3013163423061371
  ],
  "epoch_acc": [
    0.5105375,
    0.5936625,
    0.6807625,
    0.7226041666666667,
    0.7389625,
    0.73995,
    0.7497041666666666,
    0.7575041666666666,
    0.7612083333333334,
    0.768425,
    0.7762833333333333,
    0.7902958333333333,
    0.7981875,
    0.8056208333333333,
    0.8102416666666666,
    0.8162125,
    0.81805,
    0.823475,
    0.8277541666666667,
    0.8305,
    0.8335541666666667,
    0.8365958333333333,
    0.8377291666666666,
    0.8427458333333333,
    0.8447666666666667,
    0.847125,
    0.8478333333333333,
    0.8505416666666666,
    0.8526958333333333,
    0.8546458333333333,
    0.8555791666666667,
    0.8566375,
    0.8572583333333333,
    0.858075,
    0.859625,
    0.8600166666666667,
    0.8607125,
    0.8618791666666666,
    0.8625958333333333,
    0.8633375,
    0.863075,
    0.8644416666666667,
    0.8649791666666666,
    0.8650833333333333,
    0.8654083333333333,
    0.8648958333333333,
    0.8648208333333334,
    0.8652458333333334,
    0.8657625,
    0.865525
  ],
  "val_acc": [
    0.4502,
    0.51935,
    0.47935,
    0.4791,
    0.48655,
    0.4738,
    0.47335,
    0.47985,
    0.47705,
    0.4721,
    0.45725,
    0.47715,
    0.4887,
    0.46785,
    0.4682,
    0.4841,
    0.482,
    0.48755,
    0.49145,
    0.50265,
    0.48705,
    0.4942,
    0.49885,
    0.5005,
    0.51295,
    0.51335,
    0.51125,
    0.5171,
    0.5168,
    0.5158,
    0.5209,
    0.52045,
    0.52265,
    0.5203,
    0.5243,
    0.5247,
    0.5226,
    0.52415,
    0.5257,
    0.52985,
    0.5275,
    0.5258,
    0.52785,
    0.5258,
    0.52635,
    0.52685,
    0.5267,
    0.5267,
    0.5267,
    0.5267
  ],
  "lr": [
    0.0009990143508499217,
    0.0009960612933065818,
    0.00099115248173898,
    0.0009843072889837512,
    0.0009755527298894294,
    0.0009649233547011816,
    0.0009524611127067769,
    0.0009382151866819099,
    0.0009222417987882566,
    0.0009046039886902864,
    0.0008853713647665069,
    0.0008646198293969952,
    0.0008424312794113801,
    0.0008188932828794706,
    0.0007940987335200906,
    0.0007681454840920089,
    0.0007411359602138069,
    0.0007131767561367538,
    0.0006843782140659967,
    0.0006548539886902863,
    0.0006247205986388449,
    0.0005940969666355696,
    0.0005631039501653701,
    0.0005318638645048921,
    0.0005005,
    0.00046913613549510796,
    0.00043789604983463003,
    0.00040690303336443054,
    0.000376279401361155,
    0.00034614601130971394,
    0.00031662178593400354,
    0.00028782324386324626,
    0.00025986403978619317,
    0.00023285451590799105,
    0.0002069012664799097,
    0.00018210671712052946,
    0.00015856872058861996,
    0.00013638017060300502,
    0.0001156286352334933,
    9.639601130971378e-05,
    7.875820121174356e-05,
    6.278481331809012e-05,
    4.853888729322332e-05,
    3.607664529881844e-05,
    2.5447270110570804e-05,
    1.6692711016248827e-05,
    9.84751826101998e-06,
    4.938706693418354e-06,
    1.9856491500783555e-06,
    1e-06
  ],
  "domain_test_acc": [
    {},
    {},
    {},
    {},
    {
      "QIM": 0.8228,
      "PMS": 0.6616,
      "LSB": 0.4934,
      "AHCM": 0.8072
    },
    {},
    {},
    {},
    {},
    {
      "QIM": 0.8141,
      "PMS": 0.7009,
      "LSB": 0.4726,
      "AHCM": 0.8479
    },
    {},
    {},
    {},
    {},
    {
      "QIM": 0.8115,
      "PMS": 0.76,
      "LSB": 0.4802,
      "AHCM": 0.8793
    },
    {},
    {},
    {},
    {},
    {
      "QIM": 0.8636,
      "PMS": 0.7582,
      "LSB": 0.5085,
      "AHCM": 0.9006
    },
    {},
    {},
    {},
    {},
    {
      "QIM": 0.8707,
      "PMS": 0.7775,
      "LSB": 0.514,
      "AHCM": 0.909
    },
    {},
    {},
    {},
    {},
    {
      "QIM": 0.868,
      "PMS": 0.7907,
      "LSB": 0.5151,
      "AHCM": 0.9308
    },
    {},
    {},
    {},
    {},
    {
      "QIM": 0.8742,
      "PMS": 0.7906,
      "LSB": 0.5281,
      "AHCM": 0.9365
    },
    {},
    {},
    {},
    {},
    {
      "QIM": 0.8821,
      "PMS": 0.7865,
      "LSB": 0.5365,
      "AHCM": 0.9421
    },
    {},
    {},
    {},
    {},
    {
      "QIM": 0.8743,
      "PMS": 0.7932,
      "LSB": 0.5304,
      "AHCM": 0.9463
    },
    {},
    {},
    {},
    {},
    {
      "QIM": 0.8781,
      "PMS": 0.7924,
      "LSB": 0.5275,
      "AHCM": 0.9451
    }
  ],
  "rho": [
    0.03,
    0.03,
    0.03,
    0.03,
    0.03,
    0.03,
    0.03,
    0.03,
    0.03,
    0.03,
    0.03,
    0.03,
    0.03,
    0.03,
    0.03,
    0.03,
    0.03,
    0.03,
    0.03,
    0.03,
    0.03,
    0.03,
    0.03,
    0.03,
    0.03,
    0.03,
    0.03,
    0.03,
    0.03,
    0.03,
    0.03,
    0.03,
    0.03,
    0.03,
    0.03,
    0.03,
    0.03,
    0.03,
    0.03,
    0.03,
    0.03,
    0.03,
    0.03,
    0.03,
    0.03,
    0.03,
    0.03,
    0.03,
    0.03,
    0.03
  ]
}