{
  "epoch_loss": [
    0.5488603646596273,
    0.44555862504641214,
    0.38535057061513267,
    0.35000259744326273,
    0.3274690497080485,
    0.3137266563415527,
    0.30332247172991433,
    0.29551909766197204,
    0.2898551995118459,
    0.28660202536582946,
    0.28365491484006244,
    0.2799543464978536,
    0.27636959409713746,
    0.27274291162490844,
    0.26982934866746267,
    0.2668325220902761,
    0.2649119883696238,
    0.26202056641578675,
    0.2601467580159505,
    0.257222580687205,
    0.2555474371592204,
    0.2535641777833303,
    0.25151815678278605,
    0.2499603033065796,
    0.2476988322575887,
    0.24616868453025817,
    0.24337019653320313,
    0.24252723339398702,
    0.2401370271205902,
    0.2392434228738149,
    0.23737000633080801,
    0.23597308993339539,
    0.23516349783738455,
    0.2336622191588084,
    0.23179866453806558,
    0.230370646015803,
    0.22957707443237305,
    0.22845206735928852,
    0.22770342579682668,
    0.22648883907794953,
    0.22616532274881998,
    0.22523721121152243,
    0.22477048633098604,
    0.2242913644949595,
    0.22349694369633993,
    0.22336767698923746,
    0.22318193872769673,
    0.22233747034072876,
    0.22229408801396688,
    0.22251039096514383
  ],
  "epoch_acc": [
    0.7128125,
    0.791225,
    0.824825,
    0.8426583333333333,
    0.8546291666666667,
    0.8621625,
    0.8673416666666667,
    0.8719,
    0.8741416666666667,
    0.8762666666666666,
    0.8777666666666667,
    0.8794125,
    0.8808875,
    0.8825833333333334,
    0.8848416666666666,
    0.8855083333333333,
    0.8864541666666667,
    0.88825,
    0.8888416666666666,
    0.8905041666666667,
    0.8909,
    0.8918083333333333,
    0.8934583333333334,
    0.8936125,
    0.8951916666666667,
    0.8964083333333334,
    0.8971833333333333,
    0.8968125,
    0.8985083333333334,
    0.8983583333333334,
    0.89965,
    0.9004708333333333,
    0.9005291666666667,
    0.901225,
    0.9021083333333333,
    0.902875,
    0.9037958333333334,
    0.9043,
    0.90415,
    0.9046958333333334,
    0.9044833333333333,
    0.9058666666666667,
    0.9054833333333333,
    0.905425,
    0.906475,
    0.9064708333333333,
    0.9065625,
    0.9066208333333333,
    0.9069333333333334,
    0.9068541666666666
  ],
  "val_acc": [
    0.78505,
    0.79935,
    0.8367833333333333,
    0.8513666666666667,
    0.8606833333333334,
    0.8691,
    0.8719,
    0.8709833333333333,
    0.8755,
    0.87395,
    0.8766333333333334,
    0.8702833333333333,
    0.8761833333333333,
    0.8756,
    0.8824333333333333,
    0.8827,
    0.8766666666666667,
    0.8871666666666667,
    0.88615,
    0.8793166666666666,
    0.8909833333333333,
    0.8877833333333334,
    0.8918,
    0.8907666666666667,
    0.8909833333333333,
    0.8850333333333333,
    0.89265,
    0.889,
    0.8903166666666666,
    0.8882833333333333,
    0.8941666666666667,
    0.8937333333333334,
    0.8955666666666666,
    0.89315,
    0.8962333333333333,
    0.8944666666666666,
    0.8944333333333333,
    0.8972833333333333,
    0.8935833333333333,
    0.8956,
    0.8964166666666666,
    0.8973833333333333,
    0.8960333333333333,
    0.8967,
    0.8961,
    0.8967666666666667,
    0.8961833333333333,
    0.8963333333333333,
    0.8967166666666667,
    0.89645
  ],
  "target_acc": [
    0.48605,
    0.48205,
    0.50305,
    0.50255,
    0.5013,
    0.5005,
    0.4993,
    0.4975,
    0.5051,
    0.5024,
    0.49875,
    0.49465,
    0.50635,
    0.4967,
    0.50455,
    0.49185,
    0.4984,
    0.493,
    0.49495,
    0.49305,
    0.49895,
    0.49745,
    0.49445,
    0.49275,
    0.49525,
    0.48945,
    0.4976,
    0.4975,
    0.49505,
    0.4902,
    0.4945,
    0.49465,
    0.49385,
    0.49585,
    0.4944,
    0.49245,
    0.49685,
    0.4964,
    0.49345,
    0.49535,
    0.49675,
    0.4956,
    0.4943,
    0.49485,
    0.49435,
    0.4963,
    0.49595,
    0.49615,
    0.49695,
    0.49705
  ],
  "lr": [
    0.0009990143508499217,
    0.0009960612933065818,
    0.00099115248173898,
    0.0009843072889837512,
    0.0009755527298894294,
    0.0009649233547011816,
    0.0009524611127067769,
    0.0009382151866819099,
    0.0009222417987882566,
    0.0009046039886902864,
    0.0008853713647665069,
    0.0008646198293969952,
    0.0008424312794113801,
    0.0008188932828794706,
    0.0007940987335200906,
    0.0007681454840920089,
    0.0007411359602138069,
    0.0007131767561367538,
    0.0006843782140659967,
    0.0006548539886902863,
    0.0006247205986388449,
    0.0005940969666355696,
    0.0005631039501653701,
    0.0005318638645048921,
    0.0005005,
    0.00046913613549510796,
    0.00043789604983463003,
    0.00040690303336443054,
    0.000376279401361155,
    0.00034614601130971394,
    0.00031662178593400354,
    0.00028782324386324626,
    0.00025986403978619317,
    0.00023285451590799105,
    0.0002069012664799097,
    0.00018210671712052946,
    0.00015856872058861996,
    0.00013638017060300502,
    0.0001156286352334933,
    9.639601130971378e-05,
    7.875820121174356e-05,
    6.278481331809012e-05,
    4.853888729322332e-05,
    3.607664529881844e-05,
    2.5447270110570804e-05,
    1.6692711016248827e-05,
    9.84751826101998e-06,
    4.938706693418354e-06,
    1.9856491500783555e-06,
    1e-06
  ],
  "domain_test_acc": [
    {},
    {},
    {},
    {},
    {
      "QIM": 0.9026,
      "PMS": 0.7832,
      "LSB": 0.9017,
      "AHCM": 0.5134
    },
    {},
    {},
    {},
    {},
    {
      "QIM": 0.9017,
      "PMS": 0.7777,
      "LSB": 0.9414,
      "AHCM": 0.505
    },
    {},
    {},
    {},
    {},
    {
      "QIM": 0.9037,
      "PMS": 0.819,
      "LSB": 0.9297,
      "AHCM": 0.5154
    },
    {},
    {},
    {},
    {},
    {
      "QIM": 0.887,
      "PMS": 0.8351,
      "LSB": 0.9127,
      "AHCM": 0.5087
    },
    {},
    {},
    {},
    {},
    {
      "QIM": 0.9214,
      "PMS": 0.8121,
      "LSB": 0.939,
      "AHCM": 0.513
    },
    {},
    {},
    {},
    {},
    {
      "QIM": 0.9248,
      "PMS": 0.8093,
      "LSB": 0.9363,
      "AHCM": 0.5102
    },
    {},
    {},
    {},
    {},
    {
      "QIM": 0.9227,
      "PMS": 0.8166,
      "LSB": 0.953,
      "AHCM": 0.5099
    },
    {},
    {},
    {},
    {},
    {
      "QIM": 0.9215,
      "PMS": 0.8284,
      "LSB": 0.9397,
      "AHCM": 0.512
    },
    {},
    {},
    {},
    {},
    {
      "QIM": 0.919,
      "PMS": 0.8294,
      "LSB": 0.9463,
      "AHCM": 0.512
    },
    {},
    {},
    {},
    {},
    {
      "QIM": 0.9232,
      "PMS": 0.8257,
      "LSB": 0.9475,
      "AHCM": 0.509
    }
  ]
}