{
  "epoch_loss": [
    0.7144232921282451
  ],
  "epoch_acc": [
    0.5779333333333333
  ],
  "val_acc": [
    0.5252
  ],
  "target_acc": [
    null
  ],
  "lr": [
    0.0009990143508499217
  ],
  "domain_test_acc": [
    {}
  ]
}