{
  "epoch_loss": [
    0.68925028591156,
    0.6144368704795837,
    0.5698857662200928,
    0.53923901014328,
    0.5165659898757935,
    0.4834605600357056,
    0.4590980854034424,
    0.44025549683570864,
    0.4267084086418152,
    0.4118424205780029,
    0.4018225131034851,
    0.39367067174911496,
    0.38363302574157715,
    0.3757697249889374,
    0.3681714399337769,
    0.3644729027748108,
    0.3597153115749359,
    0.3520561743736267,
    0.34424025192260743,
    0.3438301327228546,
    0.33743261976242067,
    0.332253990650177,
    0.32791336073875427,
    0.32540664467811586,
    0.3210928427696228,
    0.31895995965003965,
    0.3145153865814209,
    0.3130798164367676,
    0.3113436469554901,
    0.30629804697036744,
    0.3042512713432312,
    0.3017486381530762,
    0.2997426173210144,
    0.2972873034954071,
    0.29636697521209715,
    0.293148920917511,
    0.29156764788627626,
    0.29227412118911744,
    0.2889447623252869,
    0.28904382843971255,
    0.28613889384269714,
    0.28360161776542664,
    0.2835038159370422,
    0.28166248655319215,
    0.28103222489356994,
    0.28037042298316955,
    0.28109396753311156,
    0.2793341621875763,
    0.27774960145950317,
    0.27788186388015745,
    0.2747614549636841,
    0.2745237637519836,
    0.2754013669013977,
    0.2744100703239441,
    0.27314461212158203,
    0.27119628229141235,
    0.2710163861274719,
    0.27081660916805267,
    0.2700285182476044,
    0.2693003619194031,
    0.26825646452903745,
    0.26784430742263793,
    0.2673046142339706,
    0.2682430100440979,
    0.26655089693069456,
    0.265599426984787,
    0.26447522253990174,
    0.26495781531333923,
    0.26447188386917114,
    0.26319106431007383,
    0.26325924744606016,
    0.2624774279594421,
    0.2625381872177124,
    0.2619213731765747,
    0.2614351458549499,
    0.26103822526931764,
    0.26089820251464846,
    0.2604029351234436,
    0.260515944480896,
    0.26012166442871093,
    0.2596341643810272,
    0.2595853551387787,
    0.25925870485305785,
    0.25962867569923403,
    0.2587824426174164,
    0.25822703828811644,
    0.2581574005126953,
    0.2577282133102417,
    0.2580087992668152,
    0.25761334342956543,
    0.25769214448928834,
    0.25722650854587553,
    0.2571744860172272,
    0.2572400614738464,
    0.25741659989356996,
    0.2574058457374573,
    0.25723443422317505,
    0.2572137748241425,
    0.2569152897834778,
    0.25719231209754945
  ],
  "epoch_acc": [
    0.539753125,
    0.66238125,
    0.696725,
    0.713409375,
    0.7303875,
    0.7558625,
    0.772253125,
    0.782859375,
    0.791153125,
    0.799140625,
    0.80428125,
    0.80961875,
    0.81520625,
    0.819821875,
    0.82418125,
    0.826046875,
    0.828609375,
    0.83334375,
    0.83730625,
    0.8381375,
    0.841596875,
    0.84426875,
    0.846534375,
    0.8479625,
    0.850396875,
    0.85153125,
    0.85415,
    0.8546375,
    0.8556375,
    0.859025,
    0.8592375,
    0.861490625,
    0.8623875,
    0.863184375,
    0.8641875,
    0.86603125,
    0.866765625,
    0.866125,
    0.868403125,
    0.867590625,
    0.869521875,
    0.870915625,
    0.870696875,
    0.871671875,
    0.872146875,
    0.872075,
    0.871621875,
    0.872834375,
    0.874334375,
    0.8737375,
    0.874671875,
    0.87486875,
    0.875034375,
    0.875465625,
    0.8757125,
    0.8769,
    0.877275,
    0.87689375,
    0.877459375,
    0.877684375,
    0.87843125,
    0.878828125,
    0.87921875,
    0.878578125,
    0.87971875,
    0.879778125,
    0.880315625,
    0.880003125,
    0.880671875,
    0.881665625,
    0.880896875,
    0.8813875,
    0.88166875,
    0.88146875,
    0.88188125,
    0.882503125,
    0.88223125,
    0.882578125,
    0.882471875,
    0.882815625,
    0.88285625,
    0.883025,
    0.883309375,
    0.883021875,
    0.883540625,
    0.88325,
    0.88344375,
    0.88348125,
    0.88380625,
    0.883465625,
    0.88405,
    0.8840625,
    0.883990625,
    0.884425,
    0.8842625,
    0.8837375,
    0.8838875,
    0.88428125,
    0.884184375,
    0.884453125
  ],
  "val_acc": [
    0.6438625,
    0.69435,
    0.703975,
    0.7278125,
    0.748025,
    0.7815625,
    0.7826875,
    0.8009875,
    0.8004625,
    0.8091,
    0.816125,
    0.8220125,
    0.824475,
    0.8279125,
    0.8286,
    0.82975,
    0.827875,
    0.8389125,
    0.827475,
    0.840225,
    0.8457375,
    0.8496,
    0.8524,
    0.8523875,
    0.8534,
    0.8591,
    0.859225,
    0.8608875,
    0.862225,
    0.8613375,
    0.862925,
    0.863025,
    0.860225,
    0.865375,
    0.869275,
    0.8665625,
    0.867175,
    0.8690625,
    0.870825,
    0.8718,
    0.8714625,
    0.869175,
    0.873225,
    0.87,
    0.871525,
    0.8738,
    0.873825,
    0.873575,
    0.872975,
    0.8731375,
    0.87465,
    0.8752125,
    0.872625,
    0.87555,
    0.876175,
    0.875975,
    0.8754125,
    0.8777375,
    0.877475,
    0.8776625,
    0.8782,
    0.8773875,
    0.8743625,
    0.8777875,
    0.8780875,
    0.8791375,
    0.879425,
    0.8773375,
    0.879,
    0.8789625,
    0.879475,
    0.8795,
    0.8770625,
    0.8797625,
    0.8796875,
    0.8793625,
    0.880125,
    0.8784375,
    0.8805375,
    0.87975,
    0.8805625,
    0.8808125,
    0.8800375,
    0.881,
    0.880925,
    0.881,
    0.8797125,
    0.88035,
    0.8805125,
    0.8805625,
    0.8810125,
    0.8809625,
    0.880825,
    0.88105,
    0.8808875,
    0.880775,
    0.881075,
    0.88105,
    0.881125,
    0.8810375
  ],