{
  "epoch_loss": [
    0.7019866570790608,
    0.6441092052777608,
    0.5855063363711039,
    0.5519507795015971,
    0.5349794581095377,
    0.5302808057149251,
    0.5199767287572225,
    0.5179899114926656,
    0.5027903723398844,
    0.4974809871673584,
    0.4932390287399292,
    0.48535079741477966,
    0.4787919154326121,
    0.47349460821151734,
    0.4697018249670665,
    0.4622752330621084,
    0.4588195903142293,
    0.4533943334579468,
    0.4479813793341319,
    0.4457965702533722,
    0.43779068241119384,
    0.4366840968608856,
    0.4288294677098592,
    0.42113655099868774,
    0.4163945693810781,
    0.4090617249806722,
    0.4076203117052714,
    0.4007536695639292,
    0.40192033233642577,
    0.3960986390431722,
    0.39208725473086037,
    0.39004833591779076,
    0.38768310491243996,
    0.3857400043010712,
    0.38420860644976296,
    0.38214858315785727,
    0.3808391728878021,
    0.37898073228200274,
    0.3777420103867849,
    0.3781663242499034,
    0.37849514557520547,
    0.37620068260828654,
    0.37570342672665913,
    0.3744825157483419,
    0.37545148871739703,
    0.3738342411518097,
    0.3730072793483734,
    0.3733901931285858,
    0.3727884481430054,
    0.37265446421305337
  ],
  "epoch_acc": [
    0.5163333333333333,
    0.6344541666666667,
    0.6975291666666666,
    0.7238125,
    0.7362916666666667,
    0.7395166666666667,
    0.7466333333333334,
    0.7474166666666666,
    0.75875,
    0.7612666666666666,
    0.7642375,
    0.7687208333333333,
    0.7727708333333333,
    0.7765083333333334,
    0.7780458333333333,
    0.7821291666666667,
    0.7840458333333333,
    0.7871125,
    0.78995,
    0.79065,
    0.795775,
    0.7953833333333333,
    0.79975,
    0.8051666666666667,
    0.8079083333333333,
    0.8118875,
    0.8131458333333333,
    0.8170583333333333,
    0.8157791666666667,
    0.8182541666666666,
    0.8211666666666667,
    0.8219083333333334,
    0.8240416666666667,
    0.8242125,
    0.8256333333333333,
    0.8266208333333334,
    0.8268833333333333,
    0.8282416666666667,
    0.8294083333333333,
    0.8284041666666667,
    0.8283166666666667,
    0.8298791666666666,
    0.8299625,
    0.8305541666666667,
    0.8306916666666667,
    0.830575,
    0.83195,
    0.8315916666666666,
    0.8315208333333334,
    0.8316583333333334
  ],
  "val_acc": [
    0.50465,
    0.4819,
    0.4773,
    0.4713,
    0.4694,
    0.4802,
    0.4732,
    0.4818,
    0.4823,
    0.4847,
    0.48635,
    0.48475,
    0.48825,
    0.48865,
    0.4887,
    0.4879,
    0.4889,
    0.49085,
    0.492,
    0.49025,
    0.4913,
    0.4963,
    0.5003,
    0.5032,
    0.50375,
    0.503,
    0.50765,
    0.5081,
    0.51005,
    0.507,
    0.5065,
    0.5068,
    0.50405,
    0.50435,
    0.50625,
    0.50335,
    0.5057,
    0.5024,
    0.5065,
    0.5048,
    0.5053,
    0.50495,
    0.50555,
    0.5017,
    0.50495,
    0.50435,
    0.50425,
    0.50435,
    0.50385,
    0.5046
  ],
  "lr": [
    0.0009990143508499217,
    0.0009960612933065818,
    0.00099115248173898,
    0.0009843072889837512,
    0.0009755527298894294,
    0.0009649233547011816,
    0.0009524611127067769,
    0.0009382151866819099,
    0.0009222417987882566,
    0.0009046039886902864,
    0.0008853713647665069,
    0.0008646198293969952,
    0.0008424312794113801,
    0.0008188932828794706,
    0.0007940987335200906,
    0.0007681454840920089,
    0.0007411359602138069,
    0.0007131767561367538,
    0.0006843782140659967,
    0.0006548539886902863,
    0.0006247205986388449,
    0.0005940969666355696,
    0.0005631039501653701,
    0.0005318638645048921,
    0.0005005,
    0.00046913613549510796,
    0.00043789604983463003,
    0.00040690303336443054,
    0.000376279401361155,
    0.00034614601130971394,
    0.00031662178593400354,
    0.00028782324386324626,
    0.00025986403978619317,
    0.00023285451590799105,
    0.0002069012664799097,
    0.00018210671712052946,
    0.00015856872058861996,
    0.00013638017060300502,
    0.0001156286352334933,
    9.639601130971378e-05,
    7.875820121174356e-05,
    6.278481331809012e-05,
    4.853888729322332e-05,
    3.607664529881844e-05,
    2.5447270110570804e-05,
    1.6692711016248827e-05,
    9.84751826101998e-06,
    4.938706693418354e-06,
    1.9856491500783555e-06,
    1e-06
  ],
  "domain_test_acc": [
    {},
    {},
    {},
    {},
    {
      "QIM": 0.7963,
      "PMS": 0.684,
      "LSB": 0.7823,
      "AHCM": 0.4744
    },
    {},
    {},
    {},
    {},
    {
      "QIM": 0.8103,
      "PMS": 0.7128,
      "LSB": 0.8069,
      "AHCM": 0.4959
    },
    {},
    {},
    {},
    {},
    {
      "QIM": 0.8257,
      "PMS": 0.7269,
      "LSB": 0.8243,
      "AHCM": 0.5094
    },
    {},
    {},
    {},
    {},
    {
      "QIM": 0.8277,
      "PMS": 0.7418,
      "LSB": 0.826,
      "AHCM": 0.505
    },
    {},
    {},
    {},
    {},
    {
      "QIM": 0.8215,
      "PMS": 0.7492,
      "LSB": 0.8388,
      "AHCM": 0.5176
    },
    {},
    {},
    {},
    {},
    {
      "QIM": 0.8426,
      "PMS": 0.7777,
      "LSB": 0.8565,
      "AHCM": 0.5165
    },
    {},
    {},
    {},
    {},
    {
      "QIM": 0.8477,
      "PMS": 0.7679,
      "LSB": 0.8612,
      "AHCM": 0.5152
    },
    {},
    {},
    {},
    {},
    {
      "QIM": 0.8466,
      "PMS": 0.7727,
      "LSB": 0.8639,
      "AHCM": 0.5197
    },
    {},
    {},
    {},
    {},
    {
      "QIM": 0.8496,
      "PMS": 0.777,
      "LSB": 0.8596,
      "AHCM": 0.518
    },
    {},
    {},
    {},
    {},
    {
      "QIM": 0.8505,
      "PMS": 0.7764,
      "LSB": 0.8545,
      "AHCM": 0.5197
    }
  ],
  "rho": [
    0.03,
    0.03,
    0.03,
    0.03,
    0.03,
    0.03,
    0.03,
    0.03,
    0.03,
    0.03,
    0.03,
    0.03,
    0.03,
    0.03,
    0.03,
    0.03,
    0.03,
    0.03,
    0.03,
    0.03,
    0.03,
    0.03,
    0.03,
    0.03,
    0.03,
    0.03,
    0.03,
    0.03,
    0.03,
    0.03,
    0.03,
    0.03,
    0.03,
    0.03,
    0.03,
    0.03,
    0.03,
    0.03,
    0.03,
    0.03,
    0.03,
    0.03,
    0.03,
    0.03,
    0.03,
    0.03,
    0.03,
    0.03,
    0.03,
    0.03
  ]
}