{
  "epoch_loss": [
    1.8800520362854003
  ],
  "epoch_acc": [
    0.49475
  ],
  "val_acc": [
    0.542
  ],
  "target_acc": [
    0.542
  ],
  "lr": [
    0.0009755527298894294
  ],
  "domain_test_acc": [
    {}
  ],
  "rho": [
    0.03
  ],
  "contrast_loss": [
    0.999999984741211
  ],
  "sharpness": [
    0.0333473072052002
  ],
  "domain_sharpness": [
    {
      "QIM": 0.0024732202291488647,
      "PMS": -0.0006961114704608917,
      "LSB": 0.010188747197389603,
      "AHCM": 0.006791345775127411
    }
  ],
  "gap_loss": [
    0.16859407901763915
  ],
  "domain_gaps": [
    {
      "Cover-QIM": {
        "current": 0.14300303906202316,
        "d_min": 0.14300303906202316,
        "d_max": 0.36002856120467186,
        "ratio": 0.44931480896389686
      },
      "Cover-LSB": {
        "current": 0.1641766233369708,
        "d_min": 0.14300303906202316,
        "d_max": 0.36002856120467186,
        "ratio": 0.5134917264398449
      },
      "Cover-PMS": {
        "current": 0.32377410034338633,
        "d_min": 0.14112481673558552,
        "d_max": 0.37126246591409046,
        "ratio": 0.8605507781853244
      },
      "Cover-AHCM": {
        "current": 0.37126246591409046,
        "d_min": 0.14112481673558552,
        "d_max": 0.37126246591409046,
        "ratio": 0.9999969831428471
      }
    }
  ],
  "adaptive_weights": [
    {
      "QIM": 0.5164167825132608,
      "LSB": 0.3558962447568774,
      "PMS": 0.0905449479818344,
      "AHCM": 0.045654501765966415
    }
  ],
  "live_clean_gaps": [
    {
      "0": 0.18506995122879744,
      "1": 0.19397330656647682,
      "2": 0.1999735152348876,
      "3": 0.22637684643268585
    }
  ],
  "live_pert_gaps": [
    {
      "0": 0.18986734095960855,
      "1": 0.20035191997885704,
      "2": 0.2010657535865903,
      "3": 0.23489978536963463
    }
  ],
  "ema_gaps": [
    0.24742617890719446
  ],
  "adgm_skip_count": [
    0
  ],
  "gap_retention": [
    1.0254793163794789
  ]
}